{
  "NPCs": {
    "AAAA": {
      "Name": {
        "Origin": "The Remnants",
        "Translation": "残存"
      }
    },
    "AJollyMadman": {
      "Name": {
        "Origin": "A Jolly Madman",
        "Translation": "欢乐狂人"
      }
    },
    "Android": {
      "Name": {
        "Origin": "Android",
        "Translation": "机械战士"
      }
    },
    "Apidroid": {
      "Name": {
        "Origin": "Apidroid",
        "Translation": "机械女战士"
      }
    },
    "Blobble": {
      "Name": {
        "Origin": "Blobble",
        "Translation": "弹球怪"
      }
    },
    "BloodWormBody": {
      "Name": {
        "Origin": "Blood Worm",
        "Translation": "鲜血蠕虫"
      }
    },
    "BloodWormHead": {
      "Name": {
        "Origin": "Blood Worm",
        "Translation": "鲜血蠕虫"
      }
    },
    "BloodWormTail": {
      "Name": {
        "Origin": "Blood Worm",
        "Translation": "鲜血蠕虫"
      }
    },
    "BoneLeviathanBody": {
      "Name": {
        "Origin": "Bone Leviathan",
        "Translation": "海怪遗骨"
      }
    },
    "BoneLeviathanHead": {
      "Name": {
        "Origin": "Bone Leviathan",
        "Translation": "海怪遗骨"
      }
    },
    "BoneLeviathanTail": {
      "Name": {
        "Origin": "Bone Leviathan",
        "Translation": "海怪遗骨"
      }
    },
    "BoneSpider": {
      "Name": {
        "Origin": "Bone Spider",
        "Translation": "骸骨蜘蛛"
      }
    },
    "CleaverClone1": {
      "Name": {
        "Origin": "Phantom Cleaver",
        "Translation": "幻影斩切者"
      }
    },
    "EaglecrestGolem": {
      "Name": {
        "Origin": "Eaglecrest Golem",
        "Translation": "鹰峰魔像"
      }
    },
    "EaglecrestGolemPZ": {
      "Name": {
        "Origin": "Eaglecrest Golem",
        "Translation": "鹰峰魔像"
      }
    },
    "EaglecrestGolemSleep": {
      "Name": {
        "Origin": "Sleeping Stones",
        "Translation": "沉眠之石"
      }
    },
    "EaglecrestRockPile": {
      "Name": {
        "Origin": "Eaglecrest Rock Pile",
        "Translation": "鹰峰岩磊"
      }
    },
    "EaglecrestRockPilePZ": {
      "Name": {
        "Origin": "Eaglecrest Rock Pile",
        "Translation": "鹰峰岩磊"
      }
    },
    "Ukko": {
      "Name": {
        "Origin": "Ukko",
        "Translation": "至高之乌戈"
      }
    },
    "InfectedEye": {
      "Name": {
        "Origin": "Infected Eye",
        "Translation": "感染之眼"
      }
    },
    "XenomiteEye": {
      "Name": {
        "Origin": "Xenomite Eye",
        "Translation": "异辉之眼"
      }
    },
    "KingChicken": {
      "Name": {
        "Origin": "The Mighty King Chicken",
        "Translation": "至强鸡王"
      }
    },
    "KSEntrance": {
      "Name": {
        "Origin": "King Slayer III",
        "Translation": "弑君者三世"
      }
    },
    "KSNope": {
      "Name": {
        "Origin": "King Slayer III",
        "Translation": "弑君者三世"
      }
    },
    "KSEntranceClone": {
      "Name": {
        "Origin": "King Slayer III... ?",
        "Translation": ""
      }
    },
    "BigNebuleus": {
      "Name": {
        "Origin": "Nebuleus, Angel of the Cosmos",
        "Translation": "涅布琉斯，星宇天使"
      }
    },
    "NebEye1": {
      "Name": {
        "Origin": "Eye of the Cosmos",
        "Translation": "寰宇之眼"
      }
    },
    "Nebuleus": {
      "Name": {
        "Origin": "Nebuleus, Angel of the Cosmos",
        "Translation": "涅布琉斯，星宇天使"
      }
    },
    "StarWyvernBody": {
      "Name": {
        "Origin": "Giant Star Serpent",
        "Translation": "巨星神蛇"
      }
    },
    "StarWyvernCollar": {
      "Name": {
        "Origin": "Giant Star Serpent",
        "Translation": "巨星神蛇"
      }
    },
    "StarWyvernHead": {
      "Name": {
        "Origin": "Giant Star Serpent",
        "Translation": "巨星神蛇"
      }
    },
    "StarWyvernLeg": {
      "Name": {
        "Origin": "Giant Star Serpent",
        "Translation": "巨星神蛇"
      }
    },
    "StarWyvernNeck": {
      "Name": {
        "Origin": "Giant Star Serpent",
        "Translation": "巨星神蛇"
      }
    },
    "StarWyvernTail1": {
      "Name": {
        "Origin": "Giant Star Serpent",
        "Translation": "巨星神蛇"
      }
    },
    "StarWyvernTail2": {
      "Name": {
        "Origin": "Giant Star Serpent",
        "Translation": "巨星神蛇"
      }
    },
    "StarWyvernTail3": {
      "Name": {
        "Origin": "Giant Star Serpent",
        "Translation": "巨星神蛇"
      }
    },
    "OmegaOblitDamaged": {
      "Name": {
        "Origin": "Omega Obliterator",
        "Translation": "欧米茄毁灭者"
      }
    },
    "OmegaOblitIdle": {
      "Name": {
        "Origin": "Omega Obliterator",
        "Translation": "欧米茄毁灭者"
      }
    },
    "SeedGrowth": {
      "Name": {
        "Origin": "Hive Growth",
        "Translation": "生长之巢"
      }
    },
    "SoI": {
      "Name": {
        "Origin": "Seed of Infection",
        "Translation": "感染之种"
      }
    },
    "StrangePortal": {
      "Name": {
        "Origin": "Strange Portal",
        "Translation": "异度门户"
      }
    },
    "TheKeeper": {
      "Name": {
        "Origin": "The Keeper",
        "Translation": ""
      }
    },
    "Akka": {
      "Name": {
        "Origin": "Akka",
        "Translation": "丰饶之阿卡"
      }
    },
    "ManaBarrierPro": {
      "Name": {
        "Origin": "Mana Barrier",
        "Translation": "魔法屏障"
      }
    },
    "ManaBarrierPro2": {
      "Name": {
        "Origin": "Mana Barrier",
        "Translation": "魔法屏障"
      }
    },
    "Thorn": {
      "Name": {
        "Origin": "Thorn, Bane of the Forest",
        "Translation": "索恩，森林之灾祸"
      }
    },
    "ThornPZ": {
      "Name": {
        "Origin": "Thorn, Bane of the Forest",
        "Translation": "索恩，森林之灾祸"
      }
    },
    "VlitchCleaver": {
      "Name": {
        "Origin": "Vlitch Cleaver",
        "Translation": "伏里契斩切者"
      }
    },
    "VlitchCore1": {
      "Name": {
        "Origin": "Vlitch Core",
        "Translation": "伏里契核心"
      }
    },
    "VlitchCore2": {
      "Name": {
        "Origin": "Vlitch Core",
        "Translation": "伏里契核心"
      }
    },
    "VlitchCore3": {
      "Name": {
        "Origin": "Vlitch Core",
        "Translation": "伏里契核心"
      }
    },
    "VlitchWormBody": {
      "Name": {
        "Origin": "Vlitch Gigapede",
        "Translation": ""
      }
    },
    "VlitchWormHead": {
      "Name": {
        "Origin": "Vlitch Gigapede",
        "Translation": ""
      }
    },
    "VlitchWormTail": {
      "Name": {
        "Origin": "Vlitch Gigapede",
        "Translation": ""
      }
    },
    "Chicken": {
      "Name": {
        "Origin": "Chicken",
        "Translation": "鸡"
      }
    },
    "ChickenCultist": {
      "Name": {
        "Origin": "Chickman Cultist",
        "Translation": "鸡人邪教徒"
      }
    },
    "ChickenGold": {
      "Name": {
        "Origin": "Gold Chicken",
        "Translation": "金鸡"
      }
    },
    "BomberChicken": {
      "Name": {
        "Origin": "Bomber Chicken",
        "Translation": "炸弹鸡"
      }
    },
    "BoneChicken": {
      "Name": {
        "Origin": "Bone Chicken",
        "Translation": "骨鸡"
      }
    },
    "ChickenBallista": {
      "Name": {
        "Origin": "Chicken Ballista",
        "Translation": "小鸡抛射器"
      }
    },
    "ChickenCavalry": {
      "Name": {
        "Origin": "Chicken Cavalry",
        "Translation": "小鸡游骑兵"
      }
    },
    "ChickenMan": {
      "Name": {
        "Origin": "Chickman",
        "Translation": "鸡人"
      }
    },
    "ChickenSwarmer": {
      "Name": {
        "Origin": "Chicken Swarmer",
        "Translation": "小鸡空军"
      }
    },
    "ChickmanArchmage": {
      "Name": {
        "Origin": "Chickman Archmage",
        "Translation": "鸡人大法师"
      }
    },
    "ChickmanChickromancer": {
      "Name": {
        "Origin": "Chickman Chickromancer",
        "Translation": "吟游诗鸡"
      }
    },
    "GreatChickenWarrior": {
      "Name": {
        "Origin": "Greater Chickman",
        "Translation": "鸡巨人"
      }
    },
    "RoosterKing": {
      "Name": {
        "Origin": "Rooster King",
        "Translation": "公鸡王"
      }
    },
    "ShieldedChickenMan": {
      "Name": {
        "Origin": "Shielded Chickman",
        "Translation": "持盾鸡人"
      }
    },
    "TrojanChicken": {
      "Name": {
        "Origin": "Trojan Chicken",
        "Translation": "特洛伊木鸡"
      }
    },
    "CoastScarab": {
      "Name": {
        "Origin": "Coast Scarab",
        "Translation": "海岸圣甲虫"
      }
    },
    "CorpseWalkerPriest": {
      "Name": {
        "Origin": "Corpse-Walker Priest",
        "Translation": "行尸祭司"
      }
    },
    "CorruptedBlade": {
      "Name": {
        "Origin": "Corrupted Blade",
        "Translation": "腐化之剑"
      }
    },
    "CorruptedProbe": {
      "Name": {
        "Origin": "Corrupted Probe",
        "Translation": "腐化探针"
      }
    },
    "CorruptedTBot": {
      "Name": {
        "Origin": "Corrupted T-Bot",
        "Translation": "腐化T机器人"
      }
    },
    "CorruptedWormBody": {
      "Name": {
        "Origin": "Corrupted Worm",
        "Translation": "腐化蠕虫"
      }
    },
    "CorruptedWormHead": {
      "Name": {
        "Origin": "Corrupted Worm",
        "Translation": "腐化蠕虫"
      }
    },
    "CorruptedWormTail": {
      "Name": {
        "Origin": "Corrupted Worm",
        "Translation": "腐化蠕虫"
      }
    },
    "CrusherBody": {
      "Name": {
        "Origin": "Crusher",
        "Translation": "碾碎者"
      }
    },
    "CrusherHead": {
      "Name": {
        "Origin": "Crusher",
        "Translation": "碾碎者"
      }
    },
    "CrusherTail": {
      "Name": {
        "Origin": "Crusher",
        "Translation": "碾碎者"
      }
    },
    "DarkSoul": {
      "Name": {
        "Origin": "Dark Soul",
        "Translation": "黑暗灵魂"
      }
    },
    "DarkSoul2": {
      "Name": {
        "Origin": "Dark Soul",
        "Translation": "黑暗灵魂"
      }
    },
    "DarkSoul3": {
      "Name": {
        "Origin": "Dark Soul",
        "Translation": "黑暗灵魂"
      }
    },
    "DarkSoul4": {
      "Name": {
        "Origin": "Dying Soul",
        "Translation": "垂死灵魂"
      }
    },
    "DarkSoul5": {
      "Name": {
        "Origin": "Dying Soul",
        "Translation": "垂死灵魂"
      }
    },
    "DeathGardener": {
      "Name": {
        "Origin": "Death's Gardener",
        "Translation": "死亡园丁"
      }
    },
    "DirtPile": {
      "Name": {
        "Origin": "Suspicious Dirt Pile",
        "Translation": "可疑的土堆"
      }
    },
    "EarthwormBody": {
      "Name": {
        "Origin": "Earthworm",
        "Translation": "大地蠕虫"
      }
    },
    "EarthwormHead": {
      "Name": {
        "Origin": "Earthworm",
        "Translation": "大地蠕虫"
      }
    },
    "EarthwormTail": {
      "Name": {
        "Origin": "Earthworm",
        "Translation": "大地蠕虫"
      }
    },
    "Fallen": {
      "Name": {
        "Origin": "Fallen",
        "Translation": ""
      }
    },
    "FatPirate": {
      "Name": {
        "Origin": "Pirate Cook",
        "Translation": "海盗厨师"
      }
    },
    "Fly": {
      "Name": {
        "Origin": "Fly",
        "Translation": "苍蝇"
      }
    },
    "ForestGolem": {
      "Name": {
        "Origin": "Forest Golem",
        "Translation": "森林魔像"
      }
    },
    "ForestGolemBlooming": {
      "Name": {
        "Origin": "Forest Golem",
        "Translation": "森林魔像"
      }
    },
    "ForestGolemWounded": {
      "Name": {
        "Origin": "Forest Golem",
        "Translation": "森林魔像"
      }
    },
    "ForestNymph": {
      "Name": {
        "Origin": "Forest Nymph",
        "Translation": "森之精灵"
      }
    },
    "ForestSpider": {
      "Name": {
        "Origin": "Forest Spider",
        "Translation": "森林蜘蛛"
      }
    },
    "GrandLarva": {
      "Name": {
        "Origin": "Grand Larva",
        "Translation": "巨型幼虫"
      }
    },
    "GraniteCluster": {
      "Name": {
        "Origin": "Granite Cluster",
        "Translation": "花岗岩晶簇"
      }
    },
    "HazmatSkeleton": {
      "Name": {
        "Origin": "Hazmat Skeleton",
        "Translation": "防化服骷髅"
      }
    },
    "HazmatZombie": {
      "Name": {
        "Origin": "Hazmat Zombie",
        "Translation": "防化服僵尸"
      }
    },
    "InfectedCaveBat": {
      "Name": {
        "Origin": "Infected Cave Bat",
        "Translation": "感染洞穴蝙蝠"
      }
    },
    "InfectedDemonEye": {
      "Name": {
        "Origin": "Infected Demon Eye",
        "Translation": "感染恶魔眼"
      }
    },
    "InfectedDiggerBody": {
      "Name": {
        "Origin": "Infected Digger",
        "Translation": "感染挖掘者"
      }
    },
    "InfectedDiggerHead": {
      "Name": {
        "Origin": "Infected Digger",
        "Translation": "感染挖掘者"
      }
    },
    "InfectedDiggerTail": {
      "Name": {
        "Origin": "Infected Digger",
        "Translation": "感染挖掘者"
      }
    },
    "InfectedGiantBat": {
      "Name": {
        "Origin": "Infected Giant Bat",
        "Translation": "感染巨蝙蝠"
      }
    },
    "InfectedGiantWormBody": {
      "Name": {
        "Origin": "Infected Giant Worm",
        "Translation": "感染巨蠕虫"
      }
    },
    "InfectedGiantWormHead": {
      "Name": {
        "Origin": "Infected Giant Worm",
        "Translation": "感染巨蠕虫"
      }
    },
    "InfectedGiantWormTail": {
      "Name": {
        "Origin": "Infected Giant Worm",
        "Translation": "感染巨蠕虫"
      }
    },
    "InfectedZombie": {
      "Name": {
        "Origin": "Infected Zombie",
        "Translation": "感染僵尸"
      }
    },
    "Blisterface": {
      "Name": {
        "Origin": "Blisterface",
        "Translation": "水泡腐面"
      }
    },
    "Blisterling": {
      "Name": {
        "Origin": "Blisterling",
        "Translation": "水泡散播者"
      }
    },
    "Blisterling2": {
      "Name": {
        "Origin": "Blisterling",
        "Translation": "水泡散播者"
      }
    },
    "HiveGrowth": {
      "Name": {
        "Origin": "Hive Growth",
        "Translation": "蜂群增生物"
      }
    },
    "HiveGrowth2": {
      "Name": {
        "Origin": "Hive Growth",
        "Translation": "蜂群增生物"
      }
    },
    "InfectionHive": {
      "Name": {
        "Origin": "Infection Hive",
        "Translation": "感染之巢"
      }
    },
    "IrradiatedBehemoth": {
      "Name": {
        "Origin": "Irradiated Behemoth",
        "Translation": "辐射巨兽"
      }
    },
    "MACEProjectFist1": {
      "Name": {
        "Origin": "MACE Project's Fist",
        "Translation": "MACE之铁拳"
      }
    },
    "MACEProjectFist3": {
      "Name": {
        "Origin": "MACE Project's Fist",
        "Translation": "MACE之铁拳"
      }
    },
    "MACEProjectFist4": {
      "Name": {
        "Origin": "MACE Project's Fist",
        "Translation": "MACE之铁拳"
      }
    },
    "MACEProjectHead": {
      "Name": {
        "Origin": "MACE Project",
        "Translation": "代号 MACE"
      }
    },
    "MACEProjectJaw": {
      "Name": {
        "Origin": "MACE Project",
        "Translation": "代号 MACE"
      }
    },
    "Blisterface2": {
      "Name": {
        "Origin": "Blisterface",
        "Translation": "水泡腐面"
      }
    },
    "CraneTrolley": {
      "Name": {
        "Origin": "Crane",
        "Translation": "起重机"
      }
    },
    "IrradiatedBehemoth2": {
      "Name": {
        "Origin": "Irradiated Behemoth",
        "Translation": "辐射巨兽"
      }
    },
    "IrradiatedBehemothBody": {
      "Name": {
        "Origin": "Irradiated Behemoth",
        "Translation": "辐射巨兽"
      }
    },
    "JanitorBot": {
      "Name": {
        "Origin": "The Janitor",
        "Translation": "守门人"
      }
    },
    "JanitorBotCleaning": {
      "Name": {
        "Origin": "The Janitor",
        "Translation": ""
      }
    },
    "JanitorBotDefeated": {
      "Name": {
        "Origin": "The Janitor",
        "Translation": ""
      }
    },
    "JanitorBotNPC": {
      "Name": {
        "Origin": "The Janitor",
        "Translation": ""
      }
    },
    "LabSentryDrone": {
      "Name": {
        "Origin": "Laboratory Drone",
        "Translation": "实验室无人机"
      }
    },
    "LabSentryTurretLeg": {
      "Name": {
        "Origin": "Laboratory Sentry",
        "Translation": "实验室哨兵"
      }
    },
    "MACEControllerIdle": {
      "Name": {
        "Origin": "Crane Operator",
        "Translation": "起重机操作员"
      }
    },
    "MACEProjectFist1A": {
      "Name": {
        "Origin": "MACE Project's Fist",
        "Translation": "MACE之铁拳"
      }
    },
    "MACEProjectFist1B": {
      "Name": {
        "Origin": "MACE Project's Fist",
        "Translation": "MACE之铁拳"
      }
    },
    "MACEProjectHeadA": {
      "Name": {
        "Origin": "MACE Project",
        "Translation": "代号 MACE"
      }
    },
    "MACEProjectJawA": {
      "Name": {
        "Origin": "MACE Project",
        "Translation": "代号 MACE"
      }
    },
    "MACEProjectJawOffA": {
      "Name": {
        "Origin": "MACE Project",
        "Translation": "代号 MACE"
      }
    },
    "MACEProjectOffA": {
      "Name": {
        "Origin": "MACE Project",
        "Translation": "代号 MACE"
      }
    },
    "ProtectorVoltNPC": {
      "Name": {
        "Origin": "Protector Volt",
        "Translation": "守护者伏特"
      }
    },
    "PZ2BodyCover": {
      "Name": {
        "Origin": "Kari",
        "Translation": ""
      }
    },
    "PZ2Eyelid": {
      "Name": {
        "Origin": "Patient Zero",
        "Translation": "零号病患"
      }
    },
    "PZ2Fight": {
      "Name": {
        "Origin": "Patient Zero",
        "Translation": "零号病患"
      }
    },
    "Stage3Scientist2": {
      "Name": {
        "Origin": "Stage 3 Infected Scientist",
        "Translation": "三级感染的科学家"
      }
    },
    "TbotMiniboss": {
      "Name": {
        "Origin": "Protector Volt",
        "Translation": "守护者伏特"
      }
    },
    "TbotMinibossStart": {
      "Name": {
        "Origin": "Protector Volt",
        "Translation": "守护者伏特"
      }
    },
    "PatientZero": {
      "Name": {
        "Origin": "Patient Zero",
        "Translation": "零号病患"
      }
    },
    "SludgyBlob": {
      "Name": {
        "Origin": "Sludge Blob",
        "Translation": "污泥泡"
      }
    },
    "SludgyBoi2": {
      "Name": {
        "Origin": "Irradiated Sludge",
        "Translation": "辐射泥怪"
      }
    },
    "Stage2Scientist": {
      "Name": {
        "Origin": "Infected Scientist",
        "Translation": "被感染的科学家"
      }
    },
    "Stage2ScientistBoss": {
      "Name": {
        "Origin": "Infected Scientist",
        "Translation": "被感染的科学家"
      }
    },
    "Stage3Scientist": {
      "Name": {
        "Origin": "Stage 3 Infected Scientist",
        "Translation": "三级感染的科学家"
      }
    },
    "TBotHolo": {
      "Name": {
        "Origin": "Hologram",
        "Translation": "全息机器人"
      }
    },
    "WalterInfected": {
      "Name": {
        "Origin": "Infected Scientist",
        "Translation": "被感染的科学家"
      }
    },
    "XenoChomper2": {
      "Name": {
        "Origin": "Xeno Chomper",
        "Translation": "异种食人鱼"
      }
    },
    "LickyLickyCactus": {
      "Name": {
        "Origin": "Devil's Tongue",
        "Translation": "恶魔之舌"
      }
    },
    "LivingBlackGloop": {
      "Name": {
        "Origin": "Living Black Gloop",
        "Translation": "活体黑泥"
      }
    },
    "LivingBloom": {
      "Name": {
        "Origin": "Living Bloom",
        "Translation": "活体花朵"
      }
    },
    "LostSoul1": {
      "Name": {
        "Origin": "Lost Soul",
        "Translation": "失落灵魂"
      }
    },
    "LostSoul2": {
      "Name": {
        "Origin": "Lost Soul",
        "Translation": "失落灵魂"
      }
    },
    "LostSoul3": {
      "Name": {
        "Origin": "Lost Soul",
        "Translation": "失落灵魂"
      }
    },
    "MarbleChessHorse": {
      "Name": {
        "Origin": "Marble Chess Horse",
        "Translation": "大理石马棋"
      }
    },
    "MartianScamArtist": {
      "Name": {
        "Origin": "Martian Scam Artist",
        "Translation": "火星人诈骗学家"
      }
    },
    "EvilJelly": {
      "Name": {
        "Origin": "Dark Slime",
        "Translation": "黑暗史莱姆"
      }
    },
    "MossyGoliath": {
      "Name": {
        "Origin": "Mossy Goliath",
        "Translation": "苔藓巨兽"
      }
    },
    "MossyGoliath_Sleep": {
      "Name": {
        "Origin": "Mossy Goliath",
        "Translation": "苔藓巨兽"
      }
    },
    "MoltenGolem": {
      "Name": {
        "Origin": "Molten Golem",
        "Translation": "熔融魔像"
      }
    },
    "MoonflareBat": {
      "Name": {
        "Origin": "Moonflare Bat",
        "Translation": "月火蝙蝠"
      }
    },
    "Newb": {
      "Name": {
        "Origin": "Newb",
        "Translation": ""
      }
    },
    "OmegaAndroid": {
      "Name": {
        "Origin": "Omega Android",
        "Translation": "欧米茄机器人"
      }
    },
    "OmegaMK2Droid1": {
      "Name": {
        "Origin": "Omega Mk-2 Droid",
        "Translation": "欧米茄机器人MK-2"
      }
    },
    "OmegaMK2Droid2": {
      "Name": {
        "Origin": "Omega Mk-2 Droid",
        "Translation": "欧米茄机器人MK-2"
      }
    },
    "OmegaPrototype": {
      "Name": {
        "Origin": "Prototype Omega",
        "Translation": "欧米茄原型机"
      }
    },
    "OmegaSpacePaladin": {
      "Name": {
        "Origin": "Omega Space Paladin",
        "Translation": "欧米茄空间圣骑士"
      }
    },
    "PrototypeSilver": {
      "Name": {
        "Origin": "Prototype Silver",
        "Translation": "白银原型机"
      }
    },
    "RadiumDiggerBody": {
      "Name": {
        "Origin": "Radium Digger",
        "Translation": "镭射挖掘者"
      }
    },
    "RadiumDiggerHead": {
      "Name": {
        "Origin": "Radium Digger",
        "Translation": "镭射挖掘者"
      }
    },
    "RadiumDiggerTail": {
      "Name": {
        "Origin": "Radium Digger",
        "Translation": "镭射挖掘者"
      }
    },
    "RaggedZombie": {
      "Name": {
        "Origin": "Ragged Zombie",
        "Translation": "褴褛僵尸"
      }
    },
    "RainbowChicken": {
      "Name": {
        "Origin": "Rainbow Chicken",
        "Translation": "彩虹鸡"
      }
    },
    "RogueTBot": {
      "Name": {
        "Origin": "Rogue T-Bot",
        "Translation": "盗贼T机器人"
      }
    },
    "SandskinSpider": {
      "Name": {
        "Origin": "Sandskin Spider",
        "Translation": "沙皮蜘蛛"
      }
    },
    "ShieldedZombie": {
      "Name": {
        "Origin": "Zombie",
        "Translation": "僵尸"
      }
    },
    "SkeleDruid": {
      "Name": {
        "Origin": "Skeleton Druid",
        "Translation": "骷髅德鲁伊"
      }
    },
    "Skelemies": {
      "Name": {
        "Origin": "Skelemies",
        "Translation": "骷髅绅士"
      }
    },
    "Skelemies2": {
      "Name": {
        "Origin": "Ye Olde Skeleton",
        "Translation": "骷髅长者"
      }
    },
    "SkeletonAssassin": {
      "Name": {
        "Origin": "Skeleton Assassin",
        "Translation": "骷髅刺客"
      }
    },
    "SkeletonDueller": {
      "Name": {
        "Origin": "Skeleton Duelist",
        "Translation": "骷髅角斗士"
      }
    },
    "SkeletonMinion": {
      "Name": {
        "Origin": "Skeleton",
        "Translation": "骷髅"
      }
    },
    "SkeletonNoble": {
      "Name": {
        "Origin": "Skeleton Noble",
        "Translation": "骷髅贵族"
      }
    },
    "SkeletonNobleArmoured": {
      "Name": {
        "Origin": "Skeleton Noble",
        "Translation": "骷髅贵族"
      }
    },
    "SkeletonNobleArmoured2": {
      "Name": {
        "Origin": "Skeleton Noble",
        "Translation": "骷髅贵族"
      }
    },
    "SkeletonNobleArmoured3": {
      "Name": {
        "Origin": "Skeleton Noble",
        "Translation": "骷髅贵族"
      }
    },
    "SkeletonWanderer": {
      "Name": {
        "Origin": "Skeleton Wanderer",
        "Translation": "骷髅游荡者"
      }
    },
    "SkeletonWarden": {
      "Name": {
        "Origin": "Skeleton Warden",
        "Translation": "骷髅守望者"
      }
    },
    "SkullDigger": {
      "Name": {
        "Origin": "Skull Digger",
        "Translation": "掘骨者"
      }
    },
    "SludgyBoi": {
      "Name": {
        "Origin": "Irradiated Sludge",
        "Translation": "辐射泥怪"
      }
    },
    "SnowyBoi": {
      "Name": {
        "Origin": "Chillblood Sorcerer",
        "Translation": "冷血巫师"
      }
    },
    "SpaceKeeper": {
      "Name": {
        "Origin": "Space Keeper",
        "Translation": "空间守护者"
      }
    },
    "SpacePaladin": {
      "Name": {
        "Origin": "Space Paladin",
        "Translation": "空间圣骑士"
      }
    },
    "Squire": {
      "Name": {
        "Origin": "Squire",
        "Translation": "侍从"
      }
    },
    "StoneGolemAncient1": {
      "Name": {
        "Origin": "Ancient Stone Golem",
        "Translation": "远古石像"
      }
    },
    "StoneGolemAncient2": {
      "Name": {
        "Origin": "Ancient Stone Golem",
        "Translation": "远古石像"
      }
    },
    "SunkenCaptain": {
      "Name": {
        "Origin": "Sunken Captain",
        "Translation": "沉船船长"
      }
    },
    "SunkenDeckhand": {
      "Name": {
        "Origin": "Sunken Pirate",
        "Translation": "沉船海盗"
      }
    },
    "SunkenParrot": {
      "Name": {
        "Origin": "Sunken Parrot",
        "Translation": "沉船鹦鹉"
      }
    },
    "TBot": {
      "Name": {
        "Origin": "Friendly T-Bot",
        "Translation": ""
      }
    },
    "TBotUnconscious": {
      "Name": {
        "Origin": "Adam",
        "Translation": ""
      }
    },
    "TheSoulless": {
      "Name": {
        "Origin": "The Soulless",
        "Translation": "失魂者"
      }
    },
    "TreeBug": {
      "Name": {
        "Origin": "Tree Bug",
        "Translation": "树虫"
      }
    },
    "UndeadExecutioner1": {
      "Name": {
        "Origin": "Undead Executioner",
        "Translation": "不死刽子手"
      }
    },
    "UndeadExecutioner2": {
      "Name": {
        "Origin": "Undead Executioner",
        "Translation": "不死刽子手"
      }
    },
    "UndeadExecutioner3": {
      "Name": {
        "Origin": "Undead Executioner",
        "Translation": "不死刽子手"
      }
    },
    "UndeadViolinist": {
      "Name": {
        "Origin": "Undead Violinist",
        "Translation": "不死提琴家"
      }
    },
    "UnstablePortal": {
      "Name": {
        "Origin": "Unstable Portal",
        "Translation": "不稳定门户"
      }
    },
    "AncientArcher": {
      "Name": {
        "Origin": "Ancient Archer",
        "Translation": "上古弓箭手"
      }
    },
    "AncientCaster": {
      "Name": {
        "Origin": "Ancient Timeshifter",
        "Translation": "上古移时者"
      }
    },
    "BabbyDragonBody": {
      "Name": {
        "Origin": "Star Serpent",
        "Translation": "星辰巨蛇"
      }
    },
    "BabbyDragonHead": {
      "Name": {
        "Origin": "Star Serpent",
        "Translation": "星辰巨蛇"
      }
    },
    "BabbyDragonLeg": {
      "Name": {
        "Origin": "Star Serpent",
        "Translation": "星辰巨蛇"
      }
    },
    "BabbyDragonTail1": {
      "Name": {
        "Origin": "Star Serpent",
        "Translation": "星辰巨蛇"
      }
    },
    "BabbyDragonTail2": {
      "Name": {
        "Origin": "Star Serpent",
        "Translation": "星辰巨蛇"
      }
    },
    "BileBoomer": {
      "Name": {
        "Origin": "Bile Boomer",
        "Translation": "胆汁喷射者"
      }
    },
    "BloatedFaceMonster": {
      "Name": {
        "Origin": "Bloated Face Monster",
        "Translation": "肿面怪兽"
      }
    },
    "BloatedGoldfish": {
      "Name": {
        "Origin": "Bloated Goldfish",
        "Translation": "肿胀金鱼"
      }
    },
    "BloodBoiledSkeleton": {
      "Name": {
        "Origin": "Blood-Boiled Skeleton",
        "Translation": "沸血骷髅"
      }
    },
    "BloodDiggerBody": {
      "Name": {
        "Origin": "Brain Eater",
        "Translation": "食脑者"
      }
    },
    "BloodDiggerHead": {
      "Name": {
        "Origin": "Brain Eater",
        "Translation": "食脑者"
      }
    },
    "BloodDiggerTail": {
      "Name": {
        "Origin": "Brain Eater",
        "Translation": "食脑者"
      }
    },
    "BobTheBlob": {
      "Name": {
        "Origin": "Bob the Blob",
        "Translation": "泥泡"
      }
    },
    "CleaverDagger": {
      "Name": {
        "Origin": "Girus Dagger",
        "Translation": "吉埃鲁斯匕首"
      }
    },
    "CorruptedCopter1": {
      "Name": {
        "Origin": "Girus Attack Hovercopter",
        "Translation": "吉埃鲁斯攻击直升机"
      }
    },
    "CorruptedDrone1": {
      "Name": {
        "Origin": "Girus Attack Drone",
        "Translation": "吉埃鲁斯攻击无人机"
      }
    },
    "CursedThornBloom": {
      "Name": {
        "Origin": "Cursed Bloom",
        "Translation": "诅咒之花"
      }
    },
    "Daerel1": {
      "Name": {
        "Origin": "Wayfarer",
        "Translation": ""
      }
    },
    "Daerel2": {
      "Name": {
        "Origin": "Wayfarer",
        "Translation": ""
      }
    },
    "Daerel2Unconscious": {
      "Name": {
        "Origin": "Daerel",
        "Translation": ""
      }
    },
    "Daerel3": {
      "Name": {
        "Origin": "Dark Hunter",
        "Translation": ""
      }
    },
    "Daerel3Unconscious": {
      "Name": {
        "Origin": "Daerel",
        "Translation": ""
      }
    },
    "DaerelUnconscious": {
      "Name": {
        "Origin": "Daerel",
        "Translation": ""
      }
    },
    "DecayedGhoul": {
      "Name": {
        "Origin": "Decayed Ghoul",
        "Translation": "腐朽食尸鬼"
      }
    },
    "ElderForestGolem": {
      "Name": {
        "Origin": "Elder Forest Golem",
        "Translation": "古树魔像"
      }
    },
    "ElderForestGolemBlooming": {
      "Name": {
        "Origin": "Elder Forest Golem",
        "Translation": "古树魔像"
      }
    },
    "ElderForestGolemWounded": {
      "Name": {
        "Origin": "Elder Forest Golem",
        "Translation": "古树魔像"
      }
    },
    "FallenAncient": {
      "Name": {
        "Origin": "Fallen Ancient",
        "Translation": "堕落古人"
      }
    },
    "ForestGolemHibernating": {
      "Name": {
        "Origin": "Forest Golem",
        "Translation": "森林魔像"
      }
    },
    "GreenPigron": {
      "Name": {
        "Origin": "Pigron",
        "Translation": "猪龙"
      }
    },
    "InfectedChicken": {
      "Name": {
        "Origin": "Infected Chicken",
        "Translation": "感染鸡"
      }
    },
    "InfectedGrub": {
      "Name": {
        "Origin": "Infected Grub",
        "Translation": "感染幼虫"
      }
    },
    "InfectedSnowFlinx": {
      "Name": {
        "Origin": "Infected Snow Flinx",
        "Translation": "感染雪怪"
      }
    },
    "InfectedSwarmer": {
      "Name": {
        "Origin": "Infected Swarmer",
        "Translation": "感染胡蜂"
      }
    },
    "Injector": {
      "Name": {
        "Origin": "Injector",
        "Translation": "注射者"
      }
    },
    "IrradiatedSpear": {
      "Name": {
        "Origin": "Irradiated Spear",
        "Translation": "辐射长矛"
      }
    },
    "IrradiatedWorldFeederBody": {
      "Name": {
        "Origin": "Irradiated World Feeder",
        "Translation": "辐射吞世怪"
      }
    },
    "IrradiatedWorldFeederHead": {
      "Name": {
        "Origin": "Irradiated World Feeder",
        "Translation": "辐射吞世怪"
      }
    },
    "IrradiatedWorldFeederTail": {
      "Name": {
        "Origin": "Irradiated World Feeder",
        "Translation": "辐射吞世怪"
      }
    },
    "NerveParasite": {
      "Name": {
        "Origin": "Nerve Parasite",
        "Translation": "神经寄生者"
      }
    },
    "NuclearSlime": {
      "Name": {
        "Origin": "Nuclear Slime",
        "Translation": "核子史莱姆"
      }
    },
    "OmegaPilotDroid": {
      "Name": {
        "Origin": "Omega Mk-2 Pilot",
        "Translation": "欧米茄MK-2飞行员"
      }
    },
    "RadioactiveSlime": {
      "Name": {
        "Origin": "Radioactive Slime",
        "Translation": "放射史莱姆"
      }
    },
    "RadioactiveSlimer": {
      "Name": {
        "Origin": "Radioactive Slimer",
        "Translation": "放射飞行史莱姆"
      }
    },
    "RadiumDigger2Body": {
      "Name": {
        "Origin": "Wasteland Splicer",
        "Translation": "废土连接者"
      }
    },
    "RadiumDigger2Head": {
      "Name": {
        "Origin": "Wasteland Splicer",
        "Translation": "废土连接者"
      }
    },
    "RadiumDigger2Tail": {
      "Name": {
        "Origin": "Wasteland Splicer",
        "Translation": "废土连接者"
      }
    },
    "RadiumRampager": {
      "Name": {
        "Origin": "Radium Rampager",
        "Translation": "镭射暴虐者"
      }
    },
    "ShadesoulNPC": {
      "Name": {
        "Origin": "Shadesoul",
        "Translation": "阴影之魂"
      }
    },
    "SmallShadesoulNPC": {
      "Name": {
        "Origin": "Small Shadesoul",
        "Translation": "小阴影之魂"
      }
    },
    "SneezyInfectedFlinx": {
      "Name": {
        "Origin": "Infected Snow Flinx",
        "Translation": "感染雪怪"
      }
    },
    "SoullessAssassin": {
      "Name": {
        "Origin": "Soulless Assassin",
        "Translation": "失魂刺客"
      }
    },
    "SoullessDueller": {
      "Name": {
        "Origin": "Soulless Duelist",
        "Translation": "失魂决斗者"
      }
    },
    "SoullessWanderer": {
      "Name": {
        "Origin": "Soulless Wanderer",
        "Translation": "失魂游荡者"
      }
    },
    "SpikyRadioactiveSlime": {
      "Name": {
        "Origin": "Spiked Radioactive Slime",
        "Translation": "尖刺放射史莱姆"
      }
    },
    "Superbug": {
      "Name": {
        "Origin": "Superbug",
        "Translation": "巨病毒"
      }
    },
    "Superbug2": {
      "Name": {
        "Origin": "Superbug",
        "Translation": "巨病毒"
      }
    },
    "TheSoulless2": {
      "Name": {
        "Origin": "The Soulless",
        "Translation": "失魂者"
      }
    },
    "VirusJelly": {
      "Name": {
        "Origin": "Plague Physalia",
        "Translation": "瘟疫水母"
      }
    },
    "Xenoling": {
      "Name": {
        "Origin": "Xenoling",
        "Translation": "异辉蹦蹦兽"
      }
    },
    "XenomiteBeast": {
      "Name": {
        "Origin": "Infected Beast",
        "Translation": "感染野兽"
      }
    },
    "Zep2Unconscious": {
      "Name": {
        "Origin": "Zephos",
        "Translation": ""
      }
    },
    "Zep3Unconscious": {
      "Name": {
        "Origin": "Zephos",
        "Translation": ""
      }
    },
    "Zephos1": {
      "Name": {
        "Origin": "Wayfarer",
        "Translation": ""
      }
    },
    "Zephos2": {
      "Name": {
        "Origin": "Wayfarer",
        "Translation": ""
      }
    },
    "Zephos3": {
      "Name": {
        "Origin": "Slicer",
        "Translation": ""
      }
    },
    "ZepUnconscious": {
      "Name": {
        "Origin": "Zephos",
        "Translation": ""
      }
    },
    "EbonForestGolem": {
      "Name": {
        "Origin": "Ebonwood Forest Golem",
        "Translation": "乌木魔像"
      }
    },
    "EbonNymph": {
      "Name": {
        "Origin": "Forest Nymph",
        "Translation": "森之精灵"
      }
    },
    "HallowNymph": {
      "Name": {
        "Origin": "Forest Nymph",
        "Translation": "森之精灵"
      }
    },
    "LeghornChicken": {
      "Name": {
        "Origin": "Chicken",
        "Translation": "鸡"
      }
    },
    "LongChicken": {
      "Name": {
        "Origin": "L o n g  Chicken",
        "Translation": "长长长长鸡"
      }
    },
    "RedChicken": {
      "Name": {
        "Origin": "Chicken",
        "Translation": "鸡"
      }
    },
    "ShadeForestGolem": {
      "Name": {
        "Origin": "Shadewood Forest Golem",
        "Translation": "暗影木魔像"
      }
    },
    "ShadeNymph": {
      "Name": {
        "Origin": "Forest Nymph",
        "Translation": "森之精灵"
      }
    },
    "SkeletonAssassin2": {
      "Name": {
        "Origin": "Skeleton Assassin",
        "Translation": "骷髅刺客"
      }
    },
    "SkeletonWanderer2": {
      "Name": {
        "Origin": "Skeleton Wanderer",
        "Translation": "骷髅游荡者"
      }
    },
    "Vepdor": {
      "Name": {
        "Origin": "Vepdor's Remains",
        "Translation": "维普多的遗骸"
      }
    },
    "VlitchChicken": {
      "Name": {
        "Origin": "Chicken?",
        "Translation": "鸡？"
      }
    },
    "WanderingSoul": {
      "Name": {
        "Origin": "Wandering Soul",
        "Translation": "游荡灵魂"
      }
    },
    "XenoChomper": {
      "Name": {
        "Origin": "Xeno Chomper",
        "Translation": "异辉食人鱼"
      }
    },
    "XenomiteGargantuan": {
      "Name": {
        "Origin": "Xenomite Gargantuan",
        "Translation": "异辉巨人"
      }
    },
    "XenomiteGolem": {
      "Name": {
        "Origin": "Xenomite Golem",
        "Translation": "异辉魔像"
      }
    },
    "XenonRoller": {
      "Name": {
        "Origin": "Xenon Roller",
        "Translation": "异辉滚石"
      }
    },
    "KS3Sitting": {
      "Name": {
        "Origin": "King Slayer III",
        "Translation": ""
      }
    },
    "BigNebuleusClone": {
      "Name": {
        "Origin": "Nebuleus Mirage",
        "Translation": "涅布琉斯之幻象"
      }
    },
    "NebuleusClone": {
      "Name": {
        "Origin": "Nebuleus Mirage",
        "Translation": "涅布琉斯之幻象"
      }
    },
    "OO": {
      "Name": {
        "Origin": "Omega Obliterator",
        "Translation": "欧米茄毁灭者"
      }
    },
    "OOShield": {
      "Name": {
        "Origin": "Barrier Orbital",
        "Translation": "环轨屏障系统"
      }
    },
    "EvilJellyBoss": {
      "Name": {
        "Origin": "Dark Slime",
        "Translation": "黑暗史莱姆"
      }
    },
    "Shadebug": {
      "Name": {
        "Origin": "Shadebug",
        "Translation": "暗影虫"
      }
    }
  }
}