{
  "Prefixes": {
    "Blessed": {
      "Name": {
        "Origin": "Blessed",
        "Translation": "祝福"
      }
    },
    "Blighted": {
      "Name": {
        "Origin": "Blighted",
        "Translation": "枯萎"
      }
    },
    "Blooming": {
      "Name": {
        "Origin": "Blooming",
        "Translation": "绽放"
      }
    },
    "Dryad's": {
      "Name": {
        "Origin": "Dryad's",
        "Translation": "树妖"
      }
    },
    "Dry": {
      "Name": {
        "Origin": "Dry",
        "Translation": "干枯"
      }
    },
    "Enchanted": {
      "Name": {
        "Origin": "Enchanted",
        "Translation": "附魔"
      }
    },
    "Exotic": {
      "Name": {
        "Origin": "Exotic",
        "Translation": "奇异"
      }
    },
    "Forgotten": {
      "Name": {
        "Origin": "Forgotten",
        "Translation": "忘却"
      }
    },
    "Fruitful": {
      "Name": {
        "Origin": "Fruitful",
        "Translation": "丰产"
      }
    },
    "Lively": {
      "Name": {
        "Origin": "Lively",
        "Translation": "活泼"
      }
    },
    "Mesmerizing": {
      "Name": {
        "Origin": "Mesmerizing",
        "Translation": "魅惑"
      }
    },
    "Mother Nature's": {
      "Name": {
        "Origin": "Mother  Nature's",
        "Translation": "大自然"
      }
    },
    "Old": {
      "Name": {
        "Origin": "Old",
        "Translation": "古老"
      }
    },
    "Plentiful": {
      "Name": {
        "Origin": "Plentiful",
        "Translation": "富饶"
      }
    },
    "Precious": {
      "Name": {
        "Origin": "Precious",
        "Translation": "珍贵"
      }
    },
    "Prickly": {
      "Name": {
        "Origin": "Prickly",
        "Translation": "多刺"
      }
    },
    "Rotten": {
      "Name": {
        "Origin": "Rotten",
        "Translation": "腐坏"
      }
    },
    "Wild": {
      "Name": {
        "Origin": "Wild",
        "Translation": "野性"
      }
    }
  }
}