{
  "Buffs": {
    "AncientForcefieldBuff": {
      "Name": {
        "Origin": "Ancient Forcefield",
        "Translation": "远古魔盾"
      },
      "Description": {
        "Origin": "\"You are being protected by ancient powers\"",
        "Translation": "\"你被远古之力所保护\""
      }
    },
    "AncientForcefieldBuff2": {
      "Name": {
        "Origin": "Ancient Forcefield",
        "Translation": "远古之盾"
      },
      "Description": {
        "Origin": "\"You are being protected by ancient powers\"",
        "Translation": "\"你被远古之力所保护\""
      }
    },
    "AncientMirrorBuff": {
      "Name": {
        "Origin": "Ancient Mirror Shield",
        "Translation": "远古镜之盾"
      },
      "Description": {
        "Origin": "\"Reflects projectiles!\"",
        "Translation": "\"反弹一切!\""
      }
    },
    "AncientStoneMinionBuff": {
      "Name": {
        "Origin": "Ancient Pebble",
        "Translation": "远古鹅卵石"
      },
      "Description": {
        "Origin": "\"A magic pebble to fight for you!\"",
        "Translation": "\"魔法妙脆角为你而战!\""
      }
    },
    "AndroidMinionBuff": {
      "Name": {
        "Origin": "Android Minion",
        "Translation": "人形机器人"
      },
      "Description": {
        "Origin": "\"A little android to fight for you!\"",
        "Translation": "\"小型人形机器人为你而战!\""
      }
    },
    "AntiXenomiteBuff": {
      "Name": {
        "Origin": "Xenomite Immunity",
        "Translation": "异辉感染免疫"
      },
      "Description": {
        "Origin": "\"You are completely immune to Xenomite...\"",
        "Translation": "\"你对异辉感染完全免疫...\""
      }
    },
    "BarkskinBuff": {
      "Name": {
        "Origin": "Barkskin",
        "Translation": "石化皮肤"
      },
      "Description": {
        "Origin": "",
        "Translation": ""
      }
    },
    "BInfectionDebuff": {
      "Name": {
        "Origin": "Bacterial Infection",
        "Translation": "病菌感染"
      },
      "Description": {
        "Origin": "\"Slowly lose life\"",
        "Translation": "\"三天之内毒死你，NPC都给你扬了\""
      }
    },
    "BirdMinionBuff": {
      "Name": {
        "Origin": "Bird",
        "Translation": "鸟儿"
      },
      "Description": {
        "Origin": "\"A bird to fight for you!\"",
        "Translation": "\"鸟儿为你而战!\""
      }
    },
    "BlackenedHeartBuff": {
      "Name": {
        "Origin": "Soulless",
        "Translation": "灵魂枯竭"
      },
      "Description": {
        "Origin": "\"...\"",
        "Translation": "\"...\""
      }
    },
    "BlackenedHeartBuff2": {
      "Name": {
        "Origin": "Soulless",
        "Translation": "灵魂枯竭"
      },
      "Description": {
        "Origin": "\"...\"",
        "Translation": "\"...\""
      }
    },
    "BlackenedHeartDebuff": {
      "Name": {
        "Origin": "Soulless",
        "Translation": "灵魂枯竭"
      },
      "Description": {
        "Origin": "\"...\"",
        "Translation": "\"...\""
      }
    },
    "BlightedShieldBuff": {
      "Name": {
        "Origin": "Blighted Shield",
        "Translation": "枯萎盾牌"
      },
      "Description": {
        "Origin": "\"Defence is increased!\"",
        "Translation": "\"防御增加了!\""
      }
    },
    "BloodCrystalDebuff": {
      "Name": {
        "Origin": "Pierced!",
        "Translation": "刺穿!"
      },
      "Description": {
        "Origin": "Losing life",
        "Translation": "失去生命"
      }
    },
    "BurntHands": {
      "Name": {
        "Origin": "Burnt Hands",
        "Translation": "灼伤之手"
      },
      "Description": {
        "Origin": "\"Hot hot hot!\"",
        "Translation": "\"烫烫烫!\""
      }
    },
    "ChainedDebuff": {
      "Name": {
        "Origin": "Chained!",
        "Translation": "束缚!"
      },
      "Description": {
        "Origin": "\"You can't escape!\"",
        "Translation": "\"你无路可逃！\""
      }
    },
    "CharismaPotionBuff": {
      "Name": {
        "Origin": "Charisma",
        "Translation": "金钱之魅"
      },
      "Description": {
        "Origin": "\"Shops have lower prices and enemies drop more gold\"",
        "Translation": "\"商店降价且敌人掉落更多钱\""
      }
    },
    "ChickenBuff": {
      "Name": {
        "Origin": "Chicken Pet",
        "Translation": "宠物鸡"
      },
      "Description": {
        "Origin": "\"It will never leave you...\"",
        "Translation": "\"它永远不会离开你...\""
      }
    },
    "ChickenCrownBuff": {
      "Name": {
        "Origin": "King Chicken!",
        "Translation": "鸡中霸王!"
      },
      "Description": {
        "Origin": "You are the Mighty King Chicken!",
        "Translation": "你现在是鸡中霸王!"
      }
    },
    "ChickenMountBuff": {
      "Name": {
        "Origin": "Chicken Cavalry",
        "Translation": "游骑鸡"
      },
      "Description": {
        "Origin": "'The cavalry's here!'",
        "Translation": "'游骑鸡在此!'"
      }
    },
    "ChickenShieldBuff": {
      "Name": {
        "Origin": "Shielded",
        "Translation": "鸡之佑"
      },
      "Description": {
        "Origin": "\"Increased defense and knockback immunity, but decreased speed\"",
        "Translation": "\"增加防御且免疫击退,但降低移动速度\""
      }
    },
    "ChickenSwarmerMinionBuff": {
      "Name": {
        "Origin": "Chicken Swarmer",
        "Translation": "小鸡空军"
      },
      "Description": {
        "Origin": "\"A flying chicken to fight for you!\"",
        "Translation": "\"飞鸡为你而战!\""
      }
    },
    "CombatChickenBuff": {
      "Name": {
        "Origin": "Combat Chicken",
        "Translation": "战斗鸡"
      },
      "Description": {
        "Origin": "\"You are the King Chicken now!\"",
        "Translation": "\"你现在是鸡中霸王!\""
      }
    },
    "CorpseSkullBuff": {
      "Name": {
        "Origin": "Corpse-Walker Skull",
        "Translation": "行尸颅骨"
      },
      "Description": {
        "Origin": "\"A dried skull to fight for you!\"",
        "Translation": "\"干枯颅骨为你而战!\""
      }
    },
    "CursedCrystalDebuff": {
      "Name": {
        "Origin": "Pierced!",
        "Translation": "穿刺!"
      },
      "Description": {
        "Origin": "Losing life",
        "Translation": "失去生命"
      }
    },
    "DarkSoulBuff": {
      "Name": {
        "Origin": "Dark Soul",
        "Translation": "黑暗之魂"
      },
      "Description": {
        "Origin": "A Dark Soul to fight for you",
        "Translation": "黑暗之魂为你而战"
      }
    },
    "DisgustingDebuff": {
      "Name": {
        "Origin": "Disgusting",
        "Translation": "恶心"
      },
      "Description": {
        "Origin": "\"You've tasted something absolutely vile.\"",
        "Translation": "\"你尝到了非常不好的东西.\""
      }
    },
    "DruidEssenceBuff": {
      "Name": {
        "Origin": "Druidic Essence",
        "Translation": "德鲁伊元素"
      },
      "Description": {
        "Origin": "\"Increased druidic damage and crit\"",
        "Translation": "\"增加德鲁伊伤害和暴击率\""
      }
    },
    "DruidsBane": {
      "Name": {
        "Origin": "Druid's Bane",
        "Translation": "德鲁伊之祸乱"
      },
      "Description": {
        "Origin": "\"The power of the Creation Druid compels you\"",
        "Translation": "\"创世德鲁伊的力量强迫你\""
      }
    },
    "DruidsBlessing": {
      "Name": {
        "Origin": "Druid's Blessing",
        "Translation": "德鲁伊之祝福"
      },
      "Description": {
        "Origin": "\"The power of the Creation Druid blesses you\"",
        "Translation": "\"创世德鲁伊的力量祝福你\""
      }
    },
    "EaglecrestMinionBuff": {
      "Name": {
        "Origin": "Eaglecrest Minion",
        "Translation": "鹰峰魔像仆从"
      },
      "Description": {
        "Origin": "\"A little golem to fight for you!\"",
        "Translation": "\"小型巨人为你而战!\""
      }
    },
    "EarthbindDebuff": {
      "Name": {
        "Origin": "Earthbind",
        "Translation": "大地之缚"
      },
      "Description": {
        "Origin": "\"You are being forced back to the earth!\"",
        "Translation": "\"你被强制返回地面!\""
      }
    },
    "EldritchRootBuff": {
      "Name": {
        "Origin": "Eldritch Regen",
        "Translation": "邪术再生"
      },
      "Description": {
        "Origin": "\"Life regen greatly increased\"",
        "Translation": "\"生命恢复大幅增加\""
      }
    },
    "ElementBlessed": {
      "Name": {
        "Origin": "Blessed",
        "Translation": "祝福"
      },
      "Description": {
        "Origin": "\"You are blessed with Icar's Divine Protection...\"",
        "Translation": "\"你被伊卡尔的圣佑术所祝福...\""
      }
    },
    "EnjoymentDebuff": {
      "Name": {
        "Origin": "Enjoyment",
        "Translation": "欢愉"
      },
      "Description": {
        "Origin": "\"You are enjoying this a little too much\"",
        "Translation": "\"你享受的有点多\""
      }
    },
    "EvilJellyBuff": {
      "Name": {
        "Origin": "Evil Jelly",
        "Translation": "邪恶凝胶"
      },
      "Description": {
        "Origin": "\"Lures the Dark Slime\"",
        "Translation": "\"吸引黑暗史莱姆\""
      }
    },
    "FireBlessed": {
      "Name": {
        "Origin": "Blessed",
        "Translation": "祝福"
      },
      "Description": {
        "Origin": "\"You are blessed with Icar's Divine Protection...\"",
        "Translation": "\"你被伊卡的圣佑术所祝福...\""
      }
    },
    "FireForceBuff": {
      "Name": {
        "Origin": "Fire Force",
        "Translation": "火力增幅"
      },
      "Description": {
        "Origin": "\"Burning crystals empower your body\"",
        "Translation": "\"燃烧晶体给予你力量\""
      }
    },
    "FreezeForceBuff": {
      "Name": {
        "Origin": "Freeze Force",
        "Translation": "霜结增幅"
      },
      "Description": {
        "Origin": "\"Freezing crystals empower your body\"",
        "Translation": "\"极寒晶体给予你力量\""
      }
    },
    "FrostBlessed": {
      "Name": {
        "Origin": "Blessed",
        "Translation": "祝福"
      },
      "Description": {
        "Origin": "\"You are blessed with Icar's Divine Protection...\"",
        "Translation": "\"你被伊卡的圣佑术所祝福...\""
      }
    },
    "FrozenEnemyDebuff": {
      "Name": {
        "Origin": "Frozen",
        "Translation": "冻僵"
      },
      "Description": {
        "Origin": "",
        "Translation": ""
      }
    },
    "GirusCloakBuff": {
      "Name": {
        "Origin": "Cloaked",
        "Translation": "躲闪"
      },
      "Description": {
        "Origin": "\"You are hidden from Girus.\"",
        "Translation": "\"逃过吉埃鲁斯的视线\""
      }
    },
    "GloomShroomDebuff": {
      "Name": {
        "Origin": "Spores: Gloom Shroom",
        "Translation": "孢子:黯淡真菌"
      },
      "Description": {
        "Origin": "\"Gloom spores are consuming your skin\"",
        "Translation": "\"阴郁孢子正在侵蚀你的皮肤\""
      }
    },
    "GlowingMBuff": {
      "Name": {
        "Origin": "Spores: Glowing Mushrooms",
        "Translation": "孢子:发光蘑菇"
      },
      "Description": {
        "Origin": "\"Minor increase to all stats\"",
        "Translation": "\"所有属性小幅度提升\""
      }
    },
    "GolemSpelltomeBuff": {
      "Name": {
        "Origin": "Eaglecrest Enchantment",
        "Translation": "鹰峰魔像之魅力"
      },
      "Description": {
        "Origin": "\"Lures the Sleeping Stones\"",
        "Translation": "\"吸引沉眠之石\""
      }
    },
    "GraniteAuraBuff": {
      "Name": {
        "Origin": "Granite Aura",
        "Translation": "花冈岩之环"
      },
      "Description": {
        "Origin": "\"You seep with energy\"",
        "Translation": "\"你精力充沛\""
      }
    },
    "GSSBuff": {
      "Name": {
        "Origin": "Sky Parry",
        "Translation": "天之域"
      },
      "Description": {
        "Origin": "",
        "Translation": ""
      }
    },
    "GuardianCooldownDebuff": {
      "Name": {
        "Origin": "Nature Guardian Cooldown",
        "Translation": "自然守卫冷却"
      },
      "Description": {
        "Origin": "\"You cannot summon Nature Guardians\"",
        "Translation": "\"你无法召唤自然守卫\""
      }
    },
    "HazardLaserDebuff": {
      "Name": {
        "Origin": "Incinerated!",
        "Translation": "焚化!"
      },
      "Description": {
        "Origin": "\"You are being lasered!\"",
        "Translation": "\"你被激光击中了!\""
      }
    },
    "HazmatSuitBuff": {
      "Name": {
        "Origin": "Hazmat Suit",
        "Translation": "防护服"
      },
      "Description": {
        "Origin": "You are protected from the Lab's water",
        "Translation": "免疫实验室的有毒废水"
      }
    },
    "HealShroomBuff": {
      "Name": {
        "Origin": "Spores: Heal Shroom",
        "Translation": "孢子:愈合之菇"
      },
      "Description": {
        "Origin": "\"Increased Life Regen\"",
        "Translation": "\"增加生命再生\""
      }
    },
    "HeartEmblemBuff": {
      "Name": {
        "Origin": "Heart Rush",
        "Translation": "心急如焚"
      },
      "Description": {
        "Origin": "\"Life regen greatly increased\"",
        "Translation": "\"生命恢复显著增加\""
      }
    },
    "HeavyRadiationDebuff": {
      "Name": {
        "Origin": "Heavy Radiation",
        "Translation": "重辐射"
      },
      "Description": {
        "Origin": "\"Stats greatly decreased due to radioactivity\"",
        "Translation": "\"因为辐射，各项属性大幅降低\""
      }
    },
    "HEVSuitBuff": {
      "Name": {
        "Origin": "HEV Suit",
        "Translation": "HEV防护服"
      },
      "Description": {
        "Origin": "You are protected from all infection and radiation",
        "Translation": "免疫任何辐射和感染"
      }
    },
    "HiveGrowthBuff": {
      "Name": {
        "Origin": "Hive Growth",
        "Translation": "蜂群增生物"
      },
      "Description": {
        "Origin": "\"Hive Growths to fight for you!\"",
        "Translation": "\"蜂群增生物为你而战!\""
      }
    },
    "HKStatueBuff": {
      "Name": {
        "Origin": "...",
        "Translation": "..."
      },
      "Description": {
        "Origin": "\"You feel like you're being watched...\"",
        "Translation": "\"你觉得有人在看着你...\""
      }
    },
    "HoloMinionBuff": {
      "Name": {
        "Origin": "Hologram",
        "Translation": "全息投影"
      },
      "Description": {
        "Origin": "\"Wait, how do holograms hit things!?\"",
        "Translation": "\"等下,全息投影是怎么击中实体的!?\""
      }
    },
    "HolyFireDebuff": {
      "Name": {
        "Origin": "Incandesence",
        "Translation": "炽焰"
      },
      "Description": {
        "Origin": "\"NO! TOO GLORIOUS! STOP!\"",
        "Translation": "\"不!太辉煌了!停下!\""
      }
    },
    "IntruderAlertDebuff": {
      "Name": {
        "Origin": "Detected",
        "Translation": "入侵警报"
      },
      "Description": {
        "Origin": "\"The lab's defensive systems have noticed you.\"",
        "Translation": "\"实验室的防御系统发现了你.\""
      }
    },
    "JanitorStun": {
      "Name": {
        "Origin": "Janitor Stun",
        "Translation": "守门人之眩"
      },
      "Description": {
        "Origin": "\"How are you reading this? This is only for The Janitor\"",
        "Translation": "\"你怎么看?坐着看\""
      }
    },
    "KSShieldBuff": {
      "Name": {
        "Origin": "Shielded",
        "Translation": "全息庇护"
      },
      "Description": {
        "Origin": "You are protected by a shield",
        "Translation": "你处于全息庇护之下"
      }
    },
    "KSShieldCooldown": {
      "Name": {
        "Origin": "Pocket Shield Cooldown",
        "Translation": "全息庇护冷却"
      },
      "Description": {
        "Origin": "The shield won't protect you from lethal damage",
        "Translation": "全息护盾不能保护你免受致命伤害"
      }
    },
    "LaceratedDebuff": {
      "Name": {
        "Origin": "Lacerated",
        "Translation": "割伤"
      },
      "Description": {
        "Origin": "\"A deep cut\"",
        "Translation": "\"深深的伤口\""
      }
    },
    "LavaCubeBuff": {
      "Name": {
        "Origin": "Lava Cube",
        "Translation": "熔岩块"
      },
      "Description": {
        "Origin": "\"A molten cube to fight for you!\"",
        "Translation": "\"熔岩立方体为你而战!\""
      }
    },
    "LilyBuff": {
      "Name": {
        "Origin": "Lily Empowerment",
        "Translation": "百合花之祝福"
      },
      "Description": {
        "Origin": "\"Increased druidic damage, decreased all other damage\"",
        "Translation": "\"增加德鲁伊伤害,降低其他种类伤害\""
      }
    },
    "LotusBuff": {
      "Name": {
        "Origin": "Lotus Empowerment",
        "Translation": "莲花之祝福"
      },
      "Description": {
        "Origin": "\"Increased druidic crit, decreased all other crit\"",
        "Translation": "\"增加德鲁伊暴击率,降低其他种类暴击率\""
      }
    },
    "MartianShieldBuff": {
      "Name": {
        "Origin": "Martian Shield",
        "Translation": "火星力场盾"
      },
      "Description": {
        "Origin": "\"Protected by an alien forcefield\"",
        "Translation": "\"受到外星力场的保护\""
      }
    },
    "MechEnhancementBuff": {
      "Name": {
        "Origin": "Mechanical Enhancement",
        "Translation": "机械增能"
      },
      "Description": {
        "Origin": "\"Nanobots are enchancing your fighting abilities\"",
        "Translation": "\"纳米机器人增强你的战斗能力\""
      }
    },
    "Mk1MicrobotBuff": {
      "Name": {
        "Origin": "Mk-1 Microbot",
        "Translation": "MK-1 微型机器人"
      },
      "Description": {
        "Origin": "\"Beep boop\"",
        "Translation": "\"Beep boop\""
      }
    },
    "Mk2MicrobotBuff": {
      "Name": {
        "Origin": "Mk-2 Microbot",
        "Translation": "Mk-2 微型机器人"
      },
      "Description": {
        "Origin": "\"Boop beep\"",
        "Translation": "\"Boop beep\""
      }
    },
    "Mk3MicrobotBuff": {
      "Name": {
        "Origin": "Mk-3 Microbot",
        "Translation": "Mk-3 微型机器人"
      },
      "Description": {
        "Origin": "\"Beep boop, pew pew\"",
        "Translation": "\"Beep boop, pew pew\""
      }
    },
    "NatureGuardian10Buff": {
      "Name": {
        "Origin": "Skeletal Guardian",
        "Translation": "骸骨守卫"
      },
      "Description": {
        "Origin": "\"A Skeletal Guardian is protecting you!\"",
        "Translation": "\"骸骨守卫保护你!\""
      }
    },
    "NatureGuardian11Buff": {
      "Name": {
        "Origin": "Mud Guardian",
        "Translation": "泥浆守卫"
      },
      "Description": {
        "Origin": "\"A Mud Guardian is protecting you!\"",
        "Translation": "\"泥潭守卫保护你!\""
      }
    },
    "NatureGuardian12Buff": {
      "Name": {
        "Origin": "Lava Guardian",
        "Translation": "熔岩守卫"
      },
      "Description": {
        "Origin": "\"A Lava Guardian is protecting you!\"",
        "Translation": "\"熔岩守卫保护你!\""
      }
    },
    "NatureGuardian13Buff": {
      "Name": {
        "Origin": "Marble King Piece",
        "Translation": "大理石国王"
      },
      "Description": {
        "Origin": "\"A Marble King Piece is protecting you!\"",
        "Translation": "\"大理石国王保护你!\"\n（国际象棋里的国王）"
      }
    },
    "NatureGuardian14Buff": {
      "Name": {
        "Origin": "Lunar Statuette",
        "Translation": "月神之像"
      },
      "Description": {
        "Origin": "\"A Lunar Statuette is protecting you!\"",
        "Translation": "\"月神之像保护你!\""
      }
    },
    "NatureGuardian15Buff": {
      "Name": {
        "Origin": "True Lunar Statuette",
        "Translation": "真·月神之像"
      },
      "Description": {
        "Origin": "\"A True Lunar Statuette is protecting you!\"",
        "Translation": "\"真·月神之像保护你!\""
      }
    },
    "NatureGuardian16Buff": {
      "Name": {
        "Origin": "Holy Statuette",
        "Translation": "圣盔之像"
      },
      "Description": {
        "Origin": "\"He watches...\"",
        "Translation": "\"它在注视着...\""
      }
    },
    "NatureGuardian17Buff": {
      "Name": {
        "Origin": "True Holy Statuette",
        "Translation": "真·圣盔之像"
      },
      "Description": {
        "Origin": "\"He watches...\"",
        "Translation": "\"祂在注视着...\""
      }
    },
    "NatureGuardian18Buff": {
      "Name": {
        "Origin": "Tree of Creation",
        "Translation": "铸世神树"
      },
      "Description": {
        "Origin": "\"A Tree of Creation is protecting you!\"",
        "Translation": "\"铸世神树保护你!\""
      }
    },
    "NatureGuardian19Buff": {
      "Name": {
        "Origin": "Terra Guardian",
        "Translation": "大地守卫"
      },
      "Description": {
        "Origin": "\"A Terra Guardian is protecting you!\"",
        "Translation": "\"大地守卫保护你!\""
      }
    },
    "NatureGuardian20Buff": {
      "Name": {
        "Origin": "Sapphiron Spirit",
        "Translation": "蓝玉之灵"
      },
      "Description": {
        "Origin": "\"A Sapphiron Spirit is protecting you!\"",
        "Translation": "\"蓝宝石之灵保护你!\""
      }
    },
    "NatureGuardian21Buff": {
      "Name": {
        "Origin": "Scarlion Spirit",
        "Translation": "绯红之灵"
      },
      "Description": {
        "Origin": "\"A Scarlion Spirit is protecting you!\"",
        "Translation": "\"红宝石之灵保护你!\""
      }
    },
    "NatureGuardian22Buff": {
      "Name": {
        "Origin": "Sunny Pixie",
        "Translation": "日光精灵"
      },
      "Description": {
        "Origin": "\"A Sunny Pixie is protecting you!\"",
        "Translation": "\"日光精灵保护你!\""
      }
    },
    "NatureGuardian23Buff": {
      "Name": {
        "Origin": "Icy Pixie",
        "Translation": "冰霜精灵"
      },
      "Description": {
        "Origin": "\"An Icy Pixie is protecting you!\"",
        "Translation": "\"冰霜精灵保护你!\""
      }
    },
    "NatureGuardian24Buff": {
      "Name": {
        "Origin": "Spore Pixie",
        "Translation": "孢子精灵"
      },
      "Description": {
        "Origin": "\"A Spore Pixie is protecting you!\"",
        "Translation": "\"孢子精灵保护你!\""
      }
    },
    "NatureGuardian25Buff": {
      "Name": {
        "Origin": "Pixie Trinity",
        "Translation": "三灵一体"
      },
      "Description": {
        "Origin": "\"All Nature Pixie are protecting you!\"",
        "Translation": "\"所有的自然之灵保护你!\""
      }
    },
    "NatureGuardian26Buff": {
      "Name": {
        "Origin": "Boreal Statuette",
        "Translation": "北寒之像"
      },
      "Description": {
        "Origin": "\"A Boreal Statuette is protecting you!\"",
        "Translation": "\"北寒之像保护你!\""
      }
    },
    "NatureGuardian27Buff": {
      "Name": {
        "Origin": "Ancient Statue",
        "Translation": "荒古之像"
      },
      "Description": {
        "Origin": "\"He watches...\"",
        "Translation": "\"祂在注视着...\""
      }
    },
    "NatureGuardian2Buff": {
      "Name": {
        "Origin": "Nature Guardian",
        "Translation": "自然守卫"
      },
      "Description": {
        "Origin": "\"A Nature Guardian is protecting you!\"",
        "Translation": "\"自然守卫保护你!\""
      }
    },
    "NatureGuardian3Buff": {
      "Name": {
        "Origin": "Corrupt Pixie",
        "Translation": "腐化精灵"
      },
      "Description": {
        "Origin": "\"A Corrupt Pixie is protecting you!\"",
        "Translation": "\"腐化精灵保护你!\""
      }
    },
    "NatureGuardian4Buff": {
      "Name": {
        "Origin": "Crimson Pixie",
        "Translation": "血腥精灵"
      },
      "Description": {
        "Origin": "\"A Crimson Pixie is protecting you!\"",
        "Translation": "\"血腥精灵保护你!\""
      }
    },
    "NatureGuardian5Buff": {
      "Name": {
        "Origin": "Ancient Pixie",
        "Translation": "远古精灵"
      },
      "Description": {
        "Origin": "\"An Ancient Pixie is protecting you!\"",
        "Translation": "\"远古精灵保护你!\""
      }
    },
    "NatureGuardian6Buff": {
      "Name": {
        "Origin": "Moonflare",
        "Translation": "月耀之形"
      },
      "Description": {
        "Origin": "\"A Moonflare is protecting you!\"",
        "Translation": "\"月耀之形保护你!\""
      }
    },
    "NatureGuardian7Buff": {
      "Name": {
        "Origin": "Hallowed Guardian",
        "Translation": "神圣守卫"
      },
      "Description": {
        "Origin": "\"A Hallowed Guardian is protecting you!\"",
        "Translation": "\"神圣守卫保护你!\""
      }
    },
    "NatureGuardian8Buff": {
      "Name": {
        "Origin": "Corrupt Fairy",
        "Translation": "腐化仙灵"
      },
      "Description": {
        "Origin": "\"A Corrupt Fairy is protecting you!\"",
        "Translation": "\"腐化仙灵为你而战!\""
      }
    },
    "NatureGuardian9Buff": {
      "Name": {
        "Origin": "Crimson Fairy",
        "Translation": "血腥仙灵"
      },
      "Description": {
        "Origin": "\"A Crimson Fairy is protecting you!\"",
        "Translation": "\"血腥仙灵为你而战!\""
      }
    },
    "NatureGuardianBuff": {
      "Name": {
        "Origin": "Nature Pixie",
        "Translation": "自然之灵"
      },
      "Description": {
        "Origin": "\"A Nature Pixie is protecting you!\"",
        "Translation": "\"自然之灵保护你!\""
      }
    },
    "NebPetBuff": {
      "Name": {
        "Origin": "Nebby Pet",
        "Translation": "涅比"
      },
      "Description": {
        "Origin": "\"Nebbity Nobbity Nibbity Nuu, this small star gril be followin' you\"",
        "Translation": "\"Nebbity Nobbity Nibbity Nuu, this small star gril be followin' you\""
      }
    },
    "NecroticGouge": {
      "Name": {
        "Origin": "Necrotic Gouge",
        "Translation": "暗蚀凿击"
      },
      "Description": {
        "Origin": "",
        "Translation": ""
      }
    },
    "NeedleDebuff": {
      "Name": {
        "Origin": "Needle'd!",
        "Translation": "针头!"
      },
      "Description": {
        "Origin": "Losing life",
        "Translation": "看我扎不扎你就完事了"
      }
    },
    "NightshadePotionBuff": {
      "Name": {
        "Origin": "Vendetta",
        "Translation": "誓仇"
      },
      "Description": {
        "Origin": "\"Attackers also take damage, and get inflicted by poison\"",
        "Translation": "\"攻击者也会受到伤害,并受到中毒减益\""
      }
    },
    "NoobsBlessingBuff": {
      "Name": {
        "Origin": "Newb's Blessing",
        "Translation": "菜鸡之佑"
      },
      "Description": {
        "Origin": "Your weapons are blessed by the King of Noobs...",
        "Translation": "你的武器被菜鸟之王所祝福..."
      }
    },
    "OblitBuff1": {
      "Name": {
        "Origin": "Obliteration Motivation",
        "Translation": "毁灭冲动"
      },
      "Description": {
        "Origin": "\"Increased damage and defense, less life regen\"",
        "Translation": "\"增加伤害和防御,减少生命再生\""
      }
    },
    "OblitBuff2": {
      "Name": {
        "Origin": "Obliteration Motivation",
        "Translation": "毁灭冲动"
      },
      "Description": {
        "Origin": "\"Increased damage and defense, less life regen\"",
        "Translation": "\"增加伤害和防御,减少生命再生\""
      }
    },
    "OblitBuff3": {
      "Name": {
        "Origin": "Obliteration Motivation",
        "Translation": "毁灭冲动"
      },
      "Description": {
        "Origin": "\"Increased damage and defense, less life regen\"",
        "Translation": "\"增加伤害和防御,减少生命再生\""
      }
    },
    "OblitBuff4": {
      "Name": {
        "Origin": "Obliteration Motivation",
        "Translation": "毁灭冲动"
      },
      "Description": {
        "Origin": "\"Increased damage and defense, less life regen\"",
        "Translation": "\"增加伤害和防御,减少生命再生\""
      }
    },
    "OblitBuff5": {
      "Name": {
        "Origin": "Obliteration Motivation",
        "Translation": "毁灭冲动"
      },
      "Description": {
        "Origin": "\"Increased damage and defense, less life regen\"",
        "Translation": "\"增加伤害和防御,减少生命再生\""
      }
    },
    "Omega": {
      "Name": {
        "Origin": "Omega Android",
        "Translation": "欧米茄机器人"
      },
      "Description": {
        "Origin": "You are an Omega Android!",
        "Translation": "你现在是欧米茄机器人!"
      }
    },
    "RadioactiveFalloutDebuff": {
      "Name": {
        "Origin": "Radioactive Fallout",
        "Translation": "辐射尘埃"
      },
      "Description": {
        "Origin": "\"Stats greatly decreased due to radioactivity\"",
        "Translation": "\"因为辐射，各项属性大幅减少\""
      }
    },
    "RedemptiveEmbraceBuff": {
      "Name": {
        "Origin": "Redemptive Embrace",
        "Translation": "救赎之拥"
      },
      "Description": {
        "Origin": "\"Face your sins!\"",
        "Translation": "\"撒!细数你的罪恶吧!\""
      }
    },
    "SandDustDebuff": {
      "Name": {
        "Origin": "Dusted",
        "Translation": "尘埃"
      },
      "Description": {
        "Origin": "\"Defense slightly decreased!\"",
        "Translation": "\"防御略微下降!\""
      }
    },
    "sansDebuff": {
      "Name": {
        "Origin": "sans",
        "Translation": "sans"
      },
      "Description": {
        "Origin": "\"Bad time time\"",
        "Translation": "\"Oh，我的天啊，你看看现在是什么时间了.JPG\""
      }
    },
    "ShadeboundBuff": {
      "Name": {
        "Origin": "Shadebound",
        "Translation": "影之庇"
      },
      "Description": {
        "Origin": "\"The Spirit Realm cries to you\"",
        "Translation": "\"灵之境向你诉求\""
      }
    },
    "Sharpen2Buff": {
      "Name": {
        "Origin": "Sharpened II",
        "Translation": "锋咒 II"
      },
      "Description": {
        "Origin": "\"Melee weapons have high armor penetration\"",
        "Translation": "\"近战武器高破甲\""
      }
    },
    "Sharpen3Buff": {
      "Name": {
        "Origin": "Sharpened III",
        "Translation": "锋咒 III"
      },
      "Description": {
        "Origin": "\"Melee weapons have extreme armor penetration\"",
        "Translation": "\"近战武器超高破甲\""
      }
    },
    "ShineArmour2Buff": {
      "Name": {
        "Origin": "Shined Armor II",
        "Translation": "闪耀盔甲 II"
      },
      "Description": {
        "Origin": "\"Increased defense\"",
        "Translation": "\"增加防御\""
      }
    },
    "ShineArmour3Buff": {
      "Name": {
        "Origin": "Shined Armor III",
        "Translation": "闪耀盔甲 III"
      },
      "Description": {
        "Origin": "\"Greatly increased defense\"",
        "Translation": "\"大幅增加防御\""
      }
    },
    "ShineArmourBuff": {
      "Name": {
        "Origin": "Shined Armor",
        "Translation": "闪耀盔甲"
      },
      "Description": {
        "Origin": "\"Increased defense\"",
        "Translation": "\"增加防御\""
      }
    },
    "SilverwoodArrowDebuff": {
      "Name": {
        "Origin": "Silverwood Arrow",
        "Translation": "银木箭"
      },
      "Description": {
        "Origin": "Losing life",
        "Translation": "失去生命"
      }
    },
    "SleepPowderDebuff": {
      "Name": {
        "Origin": "Sleepy",
        "Translation": "困意高涨"
      },
      "Description": {
        "Origin": "\"Movement speed heavily decreased!\"",
        "Translation": "\"移动速度大幅下降!\""
      }
    },
    "SoulbladeBuff": {
      "Name": {
        "Origin": "Soulblade",
        "Translation": "魂刃"
      },
      "Description": {
        "Origin": "\"Increased Spirit Level\"",
        "Translation": "\"增加灵能等级\""
      }
    },
    "SoulboundBuff": {
      "Name": {
        "Origin": "Soulbond",
        "Translation": "魂束"
      },
      "Description": {
        "Origin": "\"The Spirit Realm calls to you\"",
        "Translation": "\"灵之境呼唤着你的名字\""
      }
    },
    "SoulCallerDebuff": {
      "Name": {
        "Origin": "Lunatic Vision",
        "Translation": "月狂幻象"
      },
      "Description": {
        "Origin": "\"You cannot use the Ancient Worshipper's Talisman\"",
        "Translation": "\"你无法使用远古崇拜者护符\""
      }
    },
    "SoulStaveBuff": {
      "Name": {
        "Origin": "Soul Guide",
        "Translation": "魂导"
      },
      "Description": {
        "Origin": "\"Increased Spirit Level\"",
        "Translation": "\"增加灵能等级\""
      }
    },
    "SpiceBlueBuff": {
      "Name": {
        "Origin": "Glowing Spices",
        "Translation": "蓝色香料"
      },
      "Description": {
        "Origin": "\"You emit light\"",
        "Translation": "\"群最帅发出了光芒\""
      }
    },
    "SpiceGreenBuff": {
      "Name": {
        "Origin": "Earthly Spices",
        "Translation": "绿色香料"
      },
      "Description": {
        "Origin": "\"Slightly increased druid damaged and crit chance\"",
        "Translation": "\"大幅增加德鲁伊伤害和暴击率\""
      }
    },
    "SpiceOrangeBuff": {
      "Name": {
        "Origin": "Tangy Spices",
        "Translation": "橙色香料"
      },
      "Description": {
        "Origin": "\"Your weapon will ignite enemies\"",
        "Translation": "\"你的武器会点燃敌人\""
      }
    },
    "SpiceRedBuff": {
      "Name": {
        "Origin": "Spicy Spices",
        "Translation": "红色香料"
      },
      "Description": {
        "Origin": "\"You ignite nearby enemies\"",
        "Translation": "\"你会点燃附近的敌人\""
      }
    },
    "SpiceWhiteBuff": {
      "Name": {
        "Origin": "Salty Spices",
        "Translation": "白色香料"
      },
      "Description": {
        "Origin": "\"Increases damage reduction\"",
        "Translation": "\"增加伤害减免\""
      }
    },
    "SpiritDragonBuff": {
      "Name": {
        "Origin": "Spirit Dragon",
        "Translation": "魂灵之龙"
      },
      "Description": {
        "Origin": "Summons a Spirit Dragon to fight for you",
        "Translation": "魂灵之龙为你而战"
      }
    },
    "SpiritWyvernBuff": {
      "Name": {
        "Origin": "Spirit Wyvern",
        "Translation": "魂界神龙"
      },
      "Description": {
        "Origin": "Summons a Spirit Wyvern to fight for you",
        "Translation": "魂界神龙为你而战"
      }
    },
    "StarSerpentBuff": {
      "Name": {
        "Origin": "Baby Star Serpent",
        "Translation": "星蛇之子"
      },
      "Description": {
        "Origin": "Summons a star serpent to fight for you",
        "Translation": "星蛇之子为你而战"
      }
    },
    "StoneskinBuff": {
      "Name": {
        "Origin": "Stoneskin",
        "Translation": "护体石肤"
      },
      "Description": {
        "Origin": "",
        "Translation": ""
      }
    },
    "StunnedDebuff": {
      "Name": {
        "Origin": "Stunned!",
        "Translation": "眩晕!"
      },
      "Description": {
        "Origin": "\"You are stunned!\"",
        "Translation": "\"你被打晕了!\""
      }
    },
    "SunAuraBuff": {
      "Name": {
        "Origin": "Sun Aura",
        "Translation": "日耀之环"
      },
      "Description": {
        "Origin": "\"Empowered by ancient lihzahrd powers\"",
        "Translation": "\"远古蜥蜴教之力\""
      }
    },
    "TiedemiesBuff": {
      "Name": {
        "Origin": "Tiedemies",
        "Translation": "骷髅学者"
      },
      "Description": {
        "Origin": "\"He will light your way\"",
        "Translation": "\"它会指引你的道路\""
      }
    },
    "TimestopDebuff": {
      "Name": {
        "Origin": "Time Shift",
        "Translation": "时之轮"
      },
      "Description": {
        "Origin": "\"Time has slowed down!\"",
        "Translation": "\"时间变慢!\""
      }
    },
    "UkkonenBuff": {
      "Name": {
        "Origin": "Ukkonen",
        "Translation": "雷云"
      },
      "Description": {
        "Origin": "\"A thundering Ukkonen to fight for you!\"",
        "Translation": "\"雷云为你而战!\""
      }
    },
    "UltraFlameDebuff": {
      "Name": {
        "Origin": "Melting!",
        "Translation": "熔解!"
      },
      "Description": {
        "Origin": "\"You are slowly melting\"",
        "Translation": "\"你正在缓慢熔化\""
      }
    },
    "VlitchCoreBuff": {
      "Name": {
        "Origin": "Vlitch Core",
        "Translation": "伏里契核心"
      },
      "Description": {
        "Origin": "\"A Mini-Vlitch Core to protect you!\"",
        "Translation": "\"小型伏里契核心保护你!\""
      }
    },
    "VlitchCoreCooldown": {
      "Name": {
        "Origin": "Vlitch Core Cooldown",
        "Translation": "伏里契核心冷却"
      },
      "Description": {
        "Origin": "\"Mini-Vlitch Core needs some time to repair\"",
        "Translation": "\"小型伏里契核心需要一些时间来自我修复\""
      }
    },
    "BileDebuff": {
      "Name": {
        "Origin": "Burning Acid",
        "Translation": "酸灼"
      },
      "Description": {
        "Origin": "\"Reduced defence.\"",
        "Translation": "\"降低防御.\""
      }
    },
    "BileFlaskBuff": {
      "Name": {
        "Origin": "Weapon Imbue: Bile",
        "Translation": "武器注魔：胆汁"
      },
      "Description": {
        "Origin": "Melee attacks inflict Burning Acid",
        "Translation": "近战攻击造成酸灼减益"
      }
    },
    "BioweaponDebuff": {
      "Name": {
        "Origin": "Cellular Destruction",
        "Translation": "细胞坏死"
      },
      "Description": {
        "Origin": "\"Losing life.\"",
        "Translation": "\"失去生命.\""
      }
    },
    "BioweaponFlaskBuff": {
      "Name": {
        "Origin": "Weapon Imbue: Corrosion",
        "Translation": "武器注魔：侵蚀"
      },
      "Description": {
        "Origin": "Melee attacks inflict Cellular Destruction",
        "Translation": "近战攻击造成细胞坏死减益"
      }
    },
    "FatigueDebuff": {
      "Name": {
        "Origin": "Fatigue",
        "Translation": "疲倦"
      },
      "Description": {
        "Origin": "\"You are overwhelmed with tiredness.\"",
        "Translation": "\"你疲惫不堪.\""
      }
    },
    "FeverDebuff": {
      "Name": {
        "Origin": "Fever",
        "Translation": "发烧"
      },
      "Description": {
        "Origin": "\"You feel extremely ill.\"",
        "Translation": "\"你觉得非常不舒服.\""
      }
    },
    "HairLossDebuff": {
      "Name": {
        "Origin": "Hair Loss",
        "Translation": "脱发"
      },
      "Description": {
        "Origin": "\"Your hair is gone!\"",
        "Translation": "\"你秃了!\""
      }
    },
    "HeadacheDebuff": {
      "Name": {
        "Origin": "Headache",
        "Translation": "头痛"
      },
      "Description": {
        "Origin": "\"Sudden and pounding pain from the inside of your skull.\"",
        "Translation": "\"你的脑子要炸了.\""
      }
    },
    "NauseaDebuff": {
      "Name": {
        "Origin": "Nausea",
        "Translation": "反胃"
      },
      "Description": {
        "Origin": "\"You feel sick.\"",
        "Translation": "\"你觉得不舒服.\""
      }
    },
    "PanaceaBuff": {
      "Name": {
        "Origin": "Panacea",
        "Translation": "万灵药"
      },
      "Description": {
        "Origin": "\"You feel great\"",
        "Translation": "\"你感觉棒极了.JPG\""
      }
    },
    "PillSickness": {
      "Name": {
        "Origin": "Pill Sickness",
        "Translation": "药丸病"
      },
      "Description": {
        "Origin": "\"You feel sick\"",
        "Translation": "\"你觉得不舒服\""
      }
    },
    "RadiationDebuff": {
      "Name": {
        "Origin": "Irradiated",
        "Translation": "辐射"
      },
      "Description": {
        "Origin": "\"You are dying of radiation!\"",
        "Translation": "\"你要被辐射弄死了!\""
      }
    },
    "SkinBurnDebuff": {
      "Name": {
        "Origin": "Skin Burn",
        "Translation": "皮肤灼伤"
      },
      "Description": {
        "Origin": "\"Your skin is burning!\"",
        "Translation": "\"你的皮肤烧起来了!\""
      }
    },
    "WorldStaveCooldownDebuff": {
      "Name": {
        "Origin": "World Stave Cooldown",
        "Translation": "世界法杖冷却"
      },
      "Description": {
        "Origin": "\"You cannot use world staves\"",
        "Translation": "\"你无法使用世界法杖冷却\""
      }
    },
    "XeniumTurretBuff": {
      "Name": {
        "Origin": "Xenium Autoturret",
        "Translation": "异金无人机"
      },
      "Description": {
        "Origin": "\"Pewpewpewpewpewpew\"",
        "Translation": "\"Pewpewpewpewpewpew\""
      }
    },
    "XeniumTurretBuff1": {
      "Name": {
        "Origin": "Xenium Autoturret",
        "Translation": "异金无人机"
      },
      "Description": {
        "Origin": "\"Pewpewpewpewpewpew\"",
        "Translation": ""
      }
    },
    "XeniumTurretBuff10": {
      "Name": {
        "Origin": "Xenium Autoturret",
        "Translation": "异金无人机"
      },
      "Description": {
        "Origin": "\"Pewpewpewpewpewpew\"",
        "Translation": ""
      }
    },
    "XeniumTurretBuff11": {
      "Name": {
        "Origin": "Xenium Autoturret",
        "Translation": "异金无人机"
      },
      "Description": {
        "Origin": "\"Pewpewpewpewpewpew\"",
        "Translation": ""
      }
    },
    "XeniumTurretBuff12": {
      "Name": {
        "Origin": "Xenium Autoturret",
        "Translation": "异金无人机"
      },
      "Description": {
        "Origin": "\"Pewpewpewpewpewpew\"",
        "Translation": ""
      }
    },
    "XeniumTurretBuff2": {
      "Name": {
        "Origin": "Xenium Autoturret",
        "Translation": "异金无人机"
      },
      "Description": {
        "Origin": "\"Pewpewpewpewpewpew\"",
        "Translation": ""
      }
    },
    "XeniumTurretBuff3": {
      "Name": {
        "Origin": "Xenium Autoturret",
        "Translation": "异金无人机"
      },
      "Description": {
        "Origin": "\"Pewpewpewpewpewpew\"",
        "Translation": ""
      }
    },
    "XeniumTurretBuff4": {
      "Name": {
        "Origin": "Xenium Autoturret",
        "Translation": "异金无人机"
      },
      "Description": {
        "Origin": "\"Pewpewpewpewpewpew\"",
        "Translation": ""
      }
    },
    "XeniumTurretBuff5": {
      "Name": {
        "Origin": "Xenium Autoturret",
        "Translation": "异金无人机"
      },
      "Description": {
        "Origin": "\"Pewpewpewpewpewpew\"",
        "Translation": ""
      }
    },
    "XeniumTurretBuff6": {
      "Name": {
        "Origin": "Xenium Autoturret",
        "Translation": "异金无人机"
      },
      "Description": {
        "Origin": "\"Pewpewpewpewpewpew\"",
        "Translation": ""
      }
    },
    "XeniumTurretBuff7": {
      "Name": {
        "Origin": "Xenium Autoturret",
        "Translation": "异金无人机"
      },
      "Description": {
        "Origin": "\"Pewpewpewpewpewpew\"",
        "Translation": ""
      }
    },
    "XeniumTurretBuff8": {
      "Name": {
        "Origin": "Xenium Autoturret",
        "Translation": "异金无人机"
      },
      "Description": {
        "Origin": "\"Pewpewpewpewpewpew\"",
        "Translation": ""
      }
    },
    "XeniumTurretBuff9": {
      "Name": {
        "Origin": "Xenium Autoturret",
        "Translation": "异金无人机"
      },
      "Description": {
        "Origin": "\"Pewpewpewpewpewpew\"",
        "Translation": ""
      }
    },
    "XenoEyeSBuff": {
      "Name": {
        "Origin": "Xenomite Eye",
        "Translation": "异辉之眼"
      },
      "Description": {
        "Origin": "\"You have a Xenomite Eye to fight for you!\"",
        "Translation": "\"异辉之眼为你而战!\""
      }
    },
    "XenomiteDebuff": {
      "Name": {
        "Origin": "Mildly Infected",
        "Translation": "轻度感染"
      },
      "Description": {
        "Origin": "\"You are in contact with Xenomite...\"",
        "Translation": "\"你被异辉所感染...\""
      }
    },
    "XenomiteDebuff2": {
      "Name": {
        "Origin": "Heavily Infected",
        "Translation": "异辉感染"
      },
      "Description": {
        "Origin": "\"Xenomite is growing in your body...\"",
        "Translation": "\"异辉晶体正在侵蚀你的身体...\""
      }
    },
    "XenomiteElementalPetBuff": {
      "Name": {
        "Origin": "Xenomite Elemental Pet",
        "Translation": "异辉元素"
      },
      "Description": {
        "Origin": "\"Cute...\"",
        "Translation": "\"可爱...\""
      }
    },
    "XenomiteHatchlingBuff": {
      "Name": {
        "Origin": "Xenomite Hatchling",
        "Translation": "异辉幼体"
      },
      "Description": {
        "Origin": "\"Probably the cutest infected thing you'll ever see\"",
        "Translation": "\"可能是你见过的最可爱的被感染的东西\""
      }
    },
    "XenomiteSkullDebuff": {
      "Name": {
        "Origin": "Lab Defensive System",
        "Translation": "实验室防御系统"
      },
      "Description": {
        "Origin": "\"Waves of energy overwhelm your body...\"",
        "Translation": "\"能量波压垮你的身体...\""
      }
    },
    "CorruptedCopterBuff": {
      "Name": {
        "Origin": "Attack Minicopter",
        "Translation": "攻击型无人机"
      },
      "Description": {
        "Origin": "\"A Girus Attack Minicopter to fight for you!\"",
        "Translation": "\"攻击型无人机为你而战!\""
      }
    },
    "MageDroneBuff": {
      "Name": {
        "Origin": "Jellyfish Drone",
        "Translation": "水母型无人机"
      },
      "Description": {
        "Origin": "\"A Jellyfish Drone to fight for you!\"",
        "Translation": "\"水母型无人机为你而战!\""
      }
    },
    "NoitaBombCooldown": {
      "Name": {
        "Origin": "Bomb Cooldown",
        "Translation": "炸弹冷却"
      },
      "Description": {
        "Origin": "\"You cannot use the Pommisauva\"",
        "Translation": "\"你无法使用炸弹\""
      }
    },
    "PowerSurgeBuff": {
      "Name": {
        "Origin": "Power Surge",
        "Translation": "能量涌动"
      },
      "Description": {
        "Origin": "\"Your armour surges with energy\"",
        "Translation": "\"你的盔甲充满能量\""
      }
    },
    "ShieldDroneBuff": {
      "Name": {
        "Origin": "Girus Shield Drone",
        "Translation": "吉埃鲁斯防御型无人机"
      },
      "Description": {
        "Origin": "\"A Shield Drone to protect you!\"",
        "Translation": "\"防御型无人机保护你!\""
      }
    },
    "SniperDroneBuff": {
      "Name": {
        "Origin": "Girus Sniper Drone",
        "Translation": "吉埃鲁斯狙击型无人机"
      },
      "Description": {
        "Origin": "\"A Girus Sniper Drone to fight for you!\"",
        "Translation": "\"狙击型无人机为你而战!\""
      }
    },
    "DaggerBuff": {
      "Name": {
        "Origin": "Stabbed",
        "Translation": "刺伤"
      },
      "Description": {
        "Origin": "\"Your damage is increased at the cost of decreased max life\"",
        "Translation": "\"以降低最大生命值为代价增加伤害\""
      }
    },
    "DreamsongBuff": {
      "Name": {
        "Origin": "Dreamsong",
        "Translation": "梦之歌"
      },
      "Description": {
        "Origin": "\"Your vision is increased in the Soulless Caverns\"",
        "Translation": "\"你的视野在无魂洞窟中得到提升\""
      }
    },
    "FrightBuff": {
      "Name": {
        "Origin": "Aura of Fright",
        "Translation": "恐惧之环"
      },
      "Description": {
        "Origin": "\"All damage and critical strike chance increased\"",
        "Translation": "\"增加所有伤害和暴击率\""
      }
    },
    "HalPetBuff": {
      "Name": {
        "Origin": "Ham Sandwich",
        "Translation": "火腿三文治"
      },
      "Description": {
        "Origin": "\"Fear me\"",
        "Translation": "\"恐惧我吧\""
      }
    },
    "HitActivation": {
      "Name": {
        "Origin": "hitted",
        "Translation": "被A到"
      },
      "Description": {
        "Origin": "\"How are you reading this?\"",
        "Translation": "\"你怎么看?\""
      }
    },
    "MightBuff": {
      "Name": {
        "Origin": "Aura of Might",
        "Translation": "力量之环"
      },
      "Description": {
        "Origin": "\"Damage reduction increased, you are immune to knockback\"",
        "Translation": "\"伤害减免增加,免疫击退\""
      }
    },
    "MoonFireDebuff": {
      "Name": {
        "Origin": "Phantasmal Flames",
        "Translation": "幻影焰"
      },
      "Description": {
        "Origin": "\"\"",
        "Translation": "\"\""
      }
    },
    "NatureGuardian28Buff": {
      "Name": {
        "Origin": "Moon Baron",
        "Translation": "月亮男爵"
      },
      "Description": {
        "Origin": "\"A Moon Baron is protecting you!\"",
        "Translation": "\"月亮男爵保护你!\""
      }
    },
    "SightBuff": {
      "Name": {
        "Origin": "Aura of Sight",
        "Translation": "视域之环"
      },
      "Description": {
        "Origin": "\"Vision increased, you can detect creatures and traps\"",
        "Translation": "\"视力增加,你能看到生物和陷阱\""
      }
    },
    "SmashedDebuff": {
      "Name": {
        "Origin": "Smashed!",
        "Translation": "粉碎!"
      },
      "Description": {
        "Origin": "\"\"",
        "Translation": "\"\""
      }
    },
    "TiedPetBuff": {
      "Name": {
        "Origin": "Tied",
        "Translation": "泰德"
      },
      "Description": {
        "Origin": "\"Spooked\"",
        "Translation": "\"真吓人\""
      }
    },
    "VesselPickBuff": {
      "Name": {
        "Origin": "Shadesurge",
        "Translation": "暗影冲击"
      },
      "Description": {
        "Origin": "\"Your mining speed is greatly increased\"",
        "Translation": "\"挖掘速度显著增加\""
      }
    }
  }
}