{
  "Translations": {
    "Mods.Redemption.DruidicOre": {
      "Origin": "Druidic energy courses through the world's ore...",
      "Translation": "德鲁伊的能量流淌于这个世界的矿石之中..."
    },
    "Mods.Redemption.DragonLeadMessage": {
      "Origin": "The caverns are heated with dragon bone...",
      "Translation": "龙之息吹过洞穴..."
    },
    "Mods.Redemption.InfectionMessage1": {
      "Origin": "Creatures start getting infected...",
      "Translation": "生物开始被传染..."
    },
    "Mods.Redemption.LabIsSafe": {
      "Origin": "The lab's defence systems have malfunctioned...",
      "Translation": "实验室的防御系统出现故障..."
    },
    "Mods.Redemption.GrowingInfection": {
      "Origin": "A nuke has been dropped!",
      "Translation": "一枚核武开始坠落!"
    },
    "Mods.Redemption.Lasers1": {
      "Origin": "Laser Systems #1 has been deactivated...",
      "Translation": "激光系统1已被停用..."
    },
    "Mods.Redemption.Lasers2": {
      "Origin": "Laser Systems #2 has been deactivated...",
      "Translation": "激光系统2已被停用..."
    },
    "Mods.Redemption.Lasers3": {
      "Origin": "Laser Systems #3 has been deactivated...",
      "Translation": "激光系统3已被停用..."
    },
    "Mods.Redemption.Lasers4": {
      "Origin": "Laser Systems #4 has been deactivated...",
      "Translation": "激光系统4已被停用..."
    },
    "Mods.Redemption.Lasers5": {
      "Origin": "Laser Systems #5 has been deactivated...",
      "Translation": "激光系统5已被停用..."
    },
    "Mods.Redemption.Lasers6": {
      "Origin": "Laser Systems #6 has been deactivated...",
      "Translation": "激光系统6已被停用..."
    },
    "Mods.Redemption.Lasers7": {
      "Origin": "Laser Systems #7 has been deactivated...",
      "Translation": "激光系统7已被停用..."
    },
    "Mods.Redemption.PatientZeroMessage1": {
      "Origin": "As the Infection halts, strong creatures of Epidotra return...",
      "Translation": "当感染停止时,强大的感染生物将归来..."
    },
    "Mods.Redemption.PatientZeroMessage2": {
      "Origin": "Cursed rocks of crimson form in the ash of the Underworld...",
      "Translation": "被诅咒的暗红色岩石从地狱的废墟中形成..."
    },
    "Mods.Redemption.PatientZeroMessage3": {
      "Origin": "Powerful creatures roam the forests, caverns, and skies...",
      "Translation": "强大的生物在森林、洞穴和天空中游荡..."
    },
    "Mods.Redemption.GirusHide": {
      "Origin": "Thought you could hide from me?",
      "Translation": "你认为你可以躲着我吗?"
    },
    "Mods.Redemption.KeeperAwoken": {
      "Origin": "The Keeper has awoken!",
      "Translation": "守卫已苏醒!"
    },
    "Mods.Redemption.SoIChecklist": {
      "Origin": "New entries have appeared on the Boss Checklist!",
      "Translation": "新的条目已经在Boss列表上出现！"
    },
    "Mods.Redemption.KingSlayerMoonlord": {
      "Origin": "Hey terrarian, it's King Slayer. I'll be leaving ship soon so if you have any unfinished business with me then I'd do it now.",
      "Translation": "泰拉人，你好，这里是弑君者。我马上就要离开飞船了，所以如果你还有任何需要找我的事务，现在过来解决它们"
    }
  }
}