{
  "Items": {
    "CraftingAccess": {
      "Name": {
        "Origin": "Storage Crafting Interface",
        "Translation": ""
      },
      "Tooltip": {
        "Origin": "",
        "Translation": ""
      }
    },
    "CreativeStorageUnit": {
      "Name": {
        "Origin": "Creative Storage Unit",
        "Translation": ""
      },
      "Tooltip": {
        "Origin": "",
        "Translation": ""
      }
    },
    "Locator": {
      "Name": {
        "Origin": "Locator",
        "Translation": ""
      },
      "Tooltip": {
        "Origin": "<right> Storage Heart to store location\n<right> Remote Storage Access to set it",
        "Translation": ""
      }
    },
    "LocatorDisk": {
      "Name": {
        "Origin": "Locator Drive",
        "Translation": ""
      },
      "Tooltip": {
        "Origin": "<right> Storage Heart to store location\n<right> Remote Storage Access to set it\nDoes not get destroyed upon use",
        "Translation": ""
      }
    },
    "PortableAccess": {
      "Name": {
        "Origin": "Portable Remote Storage Access",
        "Translation": ""
      },
      "Tooltip": {
        "Origin": "<right> Storage Heart to store location\nCurrently not set to any location\nUse item to access your storage",
        "Translation": ""
      }
    },
    "RadiantJewel": {
      "Name": {
        "Origin": "Radiant Jewel",
        "Translation": ""
      },
      "Tooltip": {
        "Origin": "'Shines with a dazzling light'",
        "Translation": ""
      }
    },
    "RemoteAccess": {
      "Name": {
        "Origin": "Remote Storage Access",
        "Translation": ""
      },
      "Tooltip": {
        "Origin": "",
        "Translation": ""
      }
    },
    "ShadowDiamond": {
      "Name": {
        "Origin": "Shadow Diamond",
        "Translation": ""
      },
      "Tooltip": {
        "Origin": "Traces of light still linger inside",
        "Translation": ""
      }
    },
    "SnowBiomeEmulator": {
      "Name": {
        "Origin": "Broken Snowglobe",
        "Translation": ""
      },
      "Tooltip": {
        "Origin": "Allows the Storage Crafting Interface to craft snow biome recipes",
        "Translation": ""
      }
    },
    "StorageAccess": {
      "Name": {
        "Origin": "Storage Access",
        "Translation": ""
      },
      "Tooltip": {
        "Origin": "",
        "Translation": ""
      }
    },
    "StorageComponent": {
      "Name": {
        "Origin": "Storage Component",
        "Translation": ""
      },
      "Tooltip": {
        "Origin": "",
        "Translation": ""
      }
    },
    "StorageConnector": {
      "Name": {
        "Origin": "Storage Connector",
        "Translation": ""
      },
      "Tooltip": {
        "Origin": "",
        "Translation": ""
      }
    },
    "StorageDeactivator": {
      "Name": {
        "Origin": "Storage Unit Wand",
        "Translation": ""
      },
      "Tooltip": {
        "Origin": "<right> Storage Unit to toggle between Active/Inactive",
        "Translation": ""
      }
    },
    "StorageHeart": {
      "Name": {
        "Origin": "Storage Heart",
        "Translation": ""
      },
      "Tooltip": {
        "Origin": "",
        "Translation": ""
      }
    },
    "StorageUnit": {
      "Name": {
        "Origin": "Storage Unit",
        "Translation": ""
      },
      "Tooltip": {
        "Origin": "",
        "Translation": ""
      }
    },
    "StorageUnitBlueChlorophyte": {
      "Name": {
        "Origin": "Blue Chlorophyte Storage Unit",
        "Translation": ""
      },
      "Tooltip": {
        "Origin": "",
        "Translation": ""
      }
    },
    "StorageUnitCrimtane": {
      "Name": {
        "Origin": "Crimtane Storage Unit",
        "Translation": ""
      },
      "Tooltip": {
        "Origin": "",
        "Translation": ""
      }
    },
    "StorageUnitDemonite": {
      "Name": {
        "Origin": "Demonite Storage Unit",
        "Translation": ""
      },
      "Tooltip": {
        "Origin": "",
        "Translation": ""
      }
    },
    "StorageUnitHallowed": {
      "Name": {
        "Origin": "Hallowed Storage Unit",
        "Translation": ""
      },
      "Tooltip": {
        "Origin": "",
        "Translation": ""
      }
    },
    "StorageUnitHellstone": {
      "Name": {
        "Origin": "Hellstone Storage Unit",
        "Translation": ""
      },
      "Tooltip": {
        "Origin": "",
        "Translation": ""
      }
    },
    "StorageUnitLuminite": {
      "Name": {
        "Origin": "Luminite Storage Unit",
        "Translation": ""
      },
      "Tooltip": {
        "Origin": "",
        "Translation": ""
      }
    },
    "StorageUnitTerra": {
      "Name": {
        "Origin": "Terra Storage Unit",
        "Translation": ""
      },
      "Tooltip": {
        "Origin": "",
        "Translation": ""
      }
    },
    "StorageUnitTiny": {
      "Name": {
        "Origin": "Tiny Storage Unit",
        "Translation": ""
      },
      "Tooltip": {
        "Origin": "",
        "Translation": ""
      }
    },
    "UpgradeBlueChlorophyte": {
      "Name": {
        "Origin": "Blue Chlorophyte Storage Upgrade",
        "Translation": ""
      },
      "Tooltip": {
        "Origin": "Upgrades Storage Unit to 240 capacity\n<right> a Hallowed Storage Unit to use",
        "Translation": ""
      }
    },
    "UpgradeCrimtane": {
      "Name": {
        "Origin": "Crimtane Storage Upgrade",
        "Translation": ""
      },
      "Tooltip": {
        "Origin": "Upgrades Storage Unit to 80 capacity\n<right> a Storage Unit to use",
        "Translation": ""
      }
    },
    "UpgradeDemonite": {
      "Name": {
        "Origin": "Demonite Storage Upgrade",
        "Translation": ""
      },
      "Tooltip": {
        "Origin": "Upgrades Storage Unit to 80 capacity\n<right> a Storage Unit to use",
        "Translation": ""
      }
    },
    "UpgradeHallowed": {
      "Name": {
        "Origin": "Hallowed Storage Upgrade",
        "Translation": ""
      },
      "Tooltip": {
        "Origin": "Upgrades Storage Unit to 160 capacity\n<right> a Hellstone Storage Unit to use",
        "Translation": ""
      }
    },
    "UpgradeHellstone": {
      "Name": {
        "Origin": "Hellstone Storage Upgrade",
        "Translation": ""
      },
      "Tooltip": {
        "Origin": "Upgrades Storage Unit to 120 capacity\n<right> a Demonite/Crimtane Storage Unit to use",
        "Translation": ""
      }
    },
    "UpgradeLuminite": {
      "Name": {
        "Origin": "Luminite Storage Upgrade",
        "Translation": ""
      },
      "Tooltip": {
        "Origin": "Upgrades Storage Unit to 320 capacity\n<right> a Blue Chlorophyte Storage Unit to use",
        "Translation": ""
      }
    },
    "UpgradeTerra": {
      "Name": {
        "Origin": "Terra Storage Upgrade",
        "Translation": ""
      },
      "Tooltip": {
        "Origin": "Upgrades Storage Unit to 640 capacity\n<right> a Luminite Storage Unit to use",
        "Translation": ""
      }
    }
  }
}