{
  "Translations": {
    "Mods.MagicStorage.SetTo": {
      "Origin": "Set to: X={0}, Y={1}",
      "Translation": ""
    },
    "Mods.MagicStorage.SnowBiomeBlock": {
      "Origin": "Snow Biome Block",
      "Translation": ""
    },
    "Mods.MagicStorage.DepositAll": {
      "Origin": "Deposit All",
      "Translation": ""
    },
    "Mods.MagicStorage.Search": {
      "Origin": "Search",
      "Translation": ""
    },
    "Mods.MagicStorage.SearchName": {
      "Origin": "Search Name",
      "Translation": ""
    },
    "Mods.MagicStorage.SearchMod": {
      "Origin": "Search Mod",
      "Translation": ""
    },
    "Mods.MagicStorage.SortDefault": {
      "Origin": "Default Sorting",
      "Translation": ""
    },
    "Mods.MagicStorage.SortID": {
      "Origin": "Sort by ID",
      "Translation": ""
    },
    "Mods.MagicStorage.SortName": {
      "Origin": "Sort by Name",
      "Translation": ""
    },
    "Mods.MagicStorage.SortStack": {
      "Origin": "Sort by Stacks",
      "Translation": ""
    },
    "Mods.MagicStorage.FilterAll": {
      "Origin": "Filter All",
      "Translation": ""
    },
    "Mods.MagicStorage.FilterWeapons": {
      "Origin": "Filter Weapons",
      "Translation": ""
    },
    "Mods.MagicStorage.FilterTools": {
      "Origin": "Filter Tools",
      "Translation": ""
    },
    "Mods.MagicStorage.FilterEquips": {
      "Origin": "Filter Equipment",
      "Translation": ""
    },
    "Mods.MagicStorage.FilterPotions": {
      "Origin": "Filter Potions",
      "Translation": ""
    },
    "Mods.MagicStorage.FilterTiles": {
      "Origin": "Filter Placeables",
      "Translation": ""
    },
    "Mods.MagicStorage.FilterMisc": {
      "Origin": "Filter Misc",
      "Translation": ""
    },
    "Mods.MagicStorage.CraftingStations": {
      "Origin": "Crafting Stations",
      "Translation": ""
    },
    "Mods.MagicStorage.Recipes": {
      "Origin": "Recipes",
      "Translation": ""
    },
    "Mods.MagicStorage.SelectedRecipe": {
      "Origin": "Selected Recipe",
      "Translation": ""
    },
    "Mods.MagicStorage.Ingredients": {
      "Origin": "Ingredients",
      "Translation": ""
    },
    "Mods.MagicStorage.StoredItems": {
      "Origin": "Stored Ingredients",
      "Translation": ""
    },
    "Mods.MagicStorage.RecipeAvailable": {
      "Origin": "Show available recipes",
      "Translation": ""
    },
    "Mods.MagicStorage.RecipeAll": {
      "Origin": "Show all recipes",
      "Translation": ""
    }
  }
}