{
  "LdstrEntries": {
    "System.Void MagicStorage.CraftingGUI::Initialize()": {
      "Instructions": [
        {
          "Origin": "/",
          "Translation": ""
        },
        {
          "Origin": " Items",
          "Translation": ""
        }
      ]
    },
    "System.Void MagicStorage.CraftingGUI::InitLangStuff()": {
      "Instructions": [
        {
          "Origin": "Mods.MagicStorage.SearchName",
          "Translation": ""
        },
        {
          "Origin": "Mods.MagicStorage.SearchMod",
          "Translation": ""
        },
        {
          "Origin": "Mods.MagicStorage.CraftingStations",
          "Translation": ""
        },
        {
          "Origin": "Mods.MagicStorage.Recipes",
          "Translation": ""
        },
        {
          "Origin": "Items",
          "Translation": ""
        },
        {
          "Origin": "Mods.MagicStorage.SelectedRecipe",
          "Translation": ""
        },
        {
          "Origin": "Mods.MagicStorage.Ingredients",
          "Translation": ""
        },
        {
          "Origin": "LegacyInterface.22",
          "Translation": ""
        },
        {
          "Origin": "Mods.MagicStorage.StoredItems",
          "Translation": ""
        },
        {
          "Origin": "LegacyMisc.72",
          "Translation": ""
        }
      ]
    },
    "System.Void MagicStorage.CraftingGUI::InitSortButtons()": {
      "Instructions": [
        {
          "Origin": "Mods.MagicStorage.SortDefault",
          "Translation": ""
        },
        {
          "Origin": "Mods.MagicStorage.SortID",
          "Translation": ""
        },
        {
          "Origin": "Mods.MagicStorage.SortName",
          "Translation": ""
        }
      ]
    },
    "System.Void MagicStorage.CraftingGUI::InitRecipeButtons()": {
      "Instructions": [
        {
          "Origin": "Mods.MagicStorage.RecipeAvailable",
          "Translation": ""
        },
        {
          "Origin": "Mods.MagicStorage.RecipeAll",
          "Translation": ""
        }
      ]
    },
    "System.Void MagicStorage.CraftingGUI::InitFilterButtons()": {
      "Instructions": [
        {
          "Origin": "Mods.MagicStorage.FilterAll",
          "Translation": ""
        },
        {
          "Origin": "Mods.MagicStorage.FilterWeapons",
          "Translation": ""
        },
        {
          "Origin": "Mods.MagicStorage.FilterTools",
          "Translation": ""
        },
        {
          "Origin": "Mods.MagicStorage.FilterEquips",
          "Translation": ""
        },
        {
          "Origin": "Mods.MagicStorage.FilterPotions",
          "Translation": ""
        },
        {
          "Origin": "Mods.MagicStorage.FilterTiles",
          "Translation": ""
        },
        {
          "Origin": "Mods.MagicStorage.FilterMisc",
          "Translation": ""
        }
      ]
    },
    "System.Void MagicStorage.CraftingGUI::Draw(MagicStorage.Components.TEStorageHeart)": {
      "Instructions": [
        {
          "Origin": "Loading",
          "Translation": ""
        }
      ]
    },
    "System.Void MagicStorage.CraftingGUI::UpdateRecipeText()": {
      "Instructions": [
        {
          "Origin": ", ",
          "Translation": ""
        },
        {
          "Origin": "LegacyInterface.53",
          "Translation": ""
        },
        {
          "Origin": "LegacyInterface.58",
          "Translation": ""
        },
        {
          "Origin": "LegacyInterface.56",
          "Translation": ""
        },
        {
          "Origin": "LegacyInterface.123",
          "Translation": ""
        },
        {
          "Origin": "LegacyInterface.23",
          "Translation": ""
        }
      ]
    },
    "System.Void MagicStorage.InterfaceHelper::Initialize()": {
      "Instructions": [
        {
          "Origin": "_itemIconCacheTime",
          "Translation": ""
        }
      ]
    },
    "System.Void MagicStorage.InterfaceHelper::ModifyInterfaceLayers(System.Collections.Generic.List`1<Terraria.UI.GameInterfaceLayer>)": {
      "Instructions": [
        {
          "Origin": "Vanilla: Inventory",
          "Translation": ""
        },
        {
          "Origin": "MagicStorage: StorageAccess",
          "Translation": ""
        }
      ]
    },
    "System.Void MagicStorage.MagicStorage::Load()": {
      "Instructions": [
        {
          "Origin": "Magic storage requires a tModLoader version of at least ",
          "Translation": ""
        }
      ]
    },
    "System.Void MagicStorage.MagicStorage::AddTranslations()": {
      "Instructions": [
        {
          "Origin": "Set to: X={0}, Y={1}",
          "Translation": ""
        },
        {
          "Origin": "Snow Biome Block",
          "Translation": ""
        },
        {
          "Origin": "Deposit All",
          "Translation": ""
        },
        {
          "Origin": "Search",
          "Translation": ""
        },
        {
          "Origin": "Search Name",
          "Translation": ""
        },
        {
          "Origin": "Search Mod",
          "Translation": ""
        },
        {
          "Origin": "Default Sorting",
          "Translation": ""
        },
        {
          "Origin": "Sort by ID",
          "Translation": ""
        },
        {
          "Origin": "Sort by Name",
          "Translation": ""
        },
        {
          "Origin": "Sort by Stacks",
          "Translation": ""
        },
        {
          "Origin": "Filter All",
          "Translation": ""
        },
        {
          "Origin": "Filter Weapons",
          "Translation": ""
        },
        {
          "Origin": "Filter Tools",
          "Translation": ""
        },
        {
          "Origin": "Filter Equipment",
          "Translation": ""
        },
        {
          "Origin": "Filter Potions",
          "Translation": ""
        },
        {
          "Origin": "Filter Placeables",
          "Translation": ""
        },
        {
          "Origin": "Filter Misc",
          "Translation": ""
        },
        {
          "Origin": "Crafting Stations",
          "Translation": ""
        },
        {
          "Origin": "Recipes",
          "Translation": ""
        },
        {
          "Origin": "Selected Recipe",
          "Translation": ""
        },
        {
          "Origin": "Ingredients",
          "Translation": ""
        },
        {
          "Origin": "Stored Ingredients",
          "Translation": ""
        },
        {
          "Origin": "Show available recipes",
          "Translation": ""
        },
        {
          "Origin": "Show all recipes",
          "Translation": ""
        }
      ]
    },
    "System.Void MagicStorage.MagicStorage::AddRecipeGroups()": {
      "Instructions": [
        {
          "Origin": "MagicStorage:AnyChest",
          "Translation": ""
        },
        {
          "Origin": "MagicStorage:AnySnowBiomeBlock",
          "Translation": ""
        },
        {
          "Origin": "MagicStorage:AnyDiamond",
          "Translation": ""
        },
        {
          "Origin": "MagicStorage:AnyAmethyst",
          "Translation": ""
        },
        {
          "Origin": "MagicStorage:AnyTopaz",
          "Translation": ""
        },
        {
          "Origin": "MagicStorage:AnySapphire",
          "Translation": ""
        },
        {
          "Origin": "MagicStorage:AnyEmerald",
          "Translation": ""
        },
        {
          "Origin": "MagicStorage:AnyRuby",
          "Translation": ""
        }
      ]
    },
    "System.String MagicStorage.MagicStorage/<>c::<AddRecipeGroups>b__8_0()": {
      "Instructions": [
        {
          "Origin": " Chest",
          "Translation": ""
        }
      ]
    },
    "System.String MagicStorage.MagicStorage/<>c::<AddRecipeGroups>b__8_1()": {
      "Instructions": [
        {
          "Origin": "Mods.MagicStorage.SnowBiomeBlock",
          "Translation": ""
        }
      ]
    },
    "System.Void MagicStorage.StorageGUI::Initialize()": {
      "Instructions": [
        {
          "Origin": "/",
          "Translation": ""
        },
        {
          "Origin": " Items",
          "Translation": ""
        }
      ]
    },
    "System.Void MagicStorage.StorageGUI::InitLangStuff()": {
      "Instructions": [
        {
          "Origin": "Mods.MagicStorage.DepositAll",
          "Translation": ""
        },
        {
          "Origin": "Mods.MagicStorage.SearchName",
          "Translation": ""
        },
        {
          "Origin": "Mods.MagicStorage.SearchMod",
          "Translation": ""
        },
        {
          "Origin": "Items",
          "Translation": ""
        }
      ]
    },
    "System.Void MagicStorage.StorageGUI::InitSortButtons()": {
      "Instructions": [
        {
          "Origin": "Mods.MagicStorage.SortDefault",
          "Translation": ""
        },
        {
          "Origin": "Mods.MagicStorage.SortID",
          "Translation": ""
        },
        {
          "Origin": "Mods.MagicStorage.SortName",
          "Translation": ""
        },
        {
          "Origin": "Mods.MagicStorage.SortStack",
          "Translation": ""
        }
      ]
    },
    "System.Void MagicStorage.StorageGUI::InitFilterButtons()": {
      "Instructions": [
        {
          "Origin": "Mods.MagicStorage.FilterAll",
          "Translation": ""
        },
        {
          "Origin": "Mods.MagicStorage.FilterWeapons",
          "Translation": ""
        },
        {
          "Origin": "Mods.MagicStorage.FilterTools",
          "Translation": ""
        },
        {
          "Origin": "Mods.MagicStorage.FilterEquips",
          "Translation": ""
        },
        {
          "Origin": "Mods.MagicStorage.FilterPotions",
          "Translation": ""
        },
        {
          "Origin": "Mods.MagicStorage.FilterTiles",
          "Translation": ""
        },
        {
          "Origin": "Mods.MagicStorage.FilterMisc",
          "Translation": ""
        }
      ]
    },
    "Terraria.ModLoader.IO.TagCompound MagicStorage.StorageWorld::Save()": {
      "Instructions": [
        {
          "Origin": "saveVersion",
          "Translation": ""
        },
        {
          "Origin": "kingSlimeDiamond",
          "Translation": ""
        },
        {
          "Origin": "boss1Diamond",
          "Translation": ""
        },
        {
          "Origin": "boss2Diamond",
          "Translation": ""
        },
        {
          "Origin": "boss3Diamond",
          "Translation": ""
        },
        {
          "Origin": "queenBeeDiamond",
          "Translation": ""
        },
        {
          "Origin": "hardmodeDiamond",
          "Translation": ""
        },
        {
          "Origin": "mechBoss1Diamond",
          "Translation": ""
        },
        {
          "Origin": "mechBoss2Diamond",
          "Translation": ""
        },
        {
          "Origin": "mechBoss3Diamond",
          "Translation": ""
        },
        {
          "Origin": "plantBossDiamond",
          "Translation": ""
        },
        {
          "Origin": "golemBossDiamond",
          "Translation": ""
        },
        {
          "Origin": "fishronDiamond",
          "Translation": ""
        },
        {
          "Origin": "ancientCultistDiamond",
          "Translation": ""
        },
        {
          "Origin": "moonlordDiamond",
          "Translation": ""
        }
      ]
    },
    "System.Void MagicStorage.StorageWorld::Load(Terraria.ModLoader.IO.TagCompound)": {
      "Instructions": [
        {
          "Origin": "kingSlimeDiamond",
          "Translation": ""
        },
        {
          "Origin": "boss1Diamond",
          "Translation": ""
        },
        {
          "Origin": "boss2Diamond",
          "Translation": ""
        },
        {
          "Origin": "boss3Diamond",
          "Translation": ""
        },
        {
          "Origin": "queenBeeDiamond",
          "Translation": ""
        },
        {
          "Origin": "hardmodeDiamond",
          "Translation": ""
        },
        {
          "Origin": "mechBoss1Diamond",
          "Translation": ""
        },
        {
          "Origin": "mechBoss2Diamond",
          "Translation": ""
        },
        {
          "Origin": "mechBoss3Diamond",
          "Translation": ""
        },
        {
          "Origin": "plantBossDiamond",
          "Translation": ""
        },
        {
          "Origin": "golemBossDiamond",
          "Translation": ""
        },
        {
          "Origin": "fishronDiamond",
          "Translation": ""
        },
        {
          "Origin": "ancientCultistDiamond",
          "Translation": ""
        },
        {
          "Origin": "moonlordDiamond",
          "Translation": ""
        }
      ]
    },
    "System.Void MagicStorage.UISearchBar::.ctor()": {
      "Instructions": [
        {
          "Origin": "Mods.MagicStorage.Search",
          "Translation": ""
        }
      ]
    },
    "System.Void MagicStorage.UISearchBar::DrawSelf(Microsoft.Xna.Framework.Graphics.SpriteBatch)": {
      "Instructions": [
        {
          "Origin": "|",
          "Translation": ""
        }
      ]
    },
    "System.Boolean MagicStorage.Sorting.ItemSorter::FilterName(Terraria.Item,System.String,System.String)": {
      "Instructions": [
        {
          "Origin": "Terraria",
          "Translation": ""
        }
      ]
    },
    "System.Void MagicStorage.Items.CraftingAccess::SetStaticDefaults()": {
      "Instructions": [
        {
          "Origin": "Storage Crafting Interface",
          "Translation": ""
        }
      ]
    },
    "System.Void MagicStorage.Items.CraftingAccess::AddRecipes()": {
      "Instructions": [
        {
          "Origin": "MagicStorage:AnyDiamond",
          "Translation": ""
        },
        {
          "Origin": "MagicStorage:AnySapphire",
          "Translation": ""
        }
      ]
    },
    "System.Void MagicStorage.Items.Locator::SetStaticDefaults()": {
      "Instructions": [
        {
          "Origin": "<right> Storage Heart to store location\n<right> Remote Storage Access to set it",
          "Translation": ""
        }
      ]
    },
    "System.Void MagicStorage.Items.Locator::ModifyTooltips(System.Collections.Generic.List`1<Terraria.ModLoader.TooltipLine>)": {
      "Instructions": [
        {
          "Origin": "Terraria",
          "Translation": ""
        },
        {
          "Origin": "Tooltip0",
          "Translation": ""
        },
        {
          "Origin": "Mods.MagicStorage.SetTo",
          "Translation": ""
        },
        {
          "Origin": "Tooltip1",
          "Translation": ""
        }
      ]
    },
    "Terraria.ModLoader.IO.TagCompound MagicStorage.Items.Locator::Save()": {
      "Instructions": [
        {
          "Origin": "X",
          "Translation": ""
        },
        {
          "Origin": "Y",
          "Translation": ""
        }
      ]
    },
    "System.Void MagicStorage.Items.Locator::Load(Terraria.ModLoader.IO.TagCompound)": {
      "Instructions": [
        {
          "Origin": "X",
          "Translation": ""
        },
        {
          "Origin": "Y",
          "Translation": ""
        }
      ]
    },
    "System.Void MagicStorage.Items.LocatorDisk::SetStaticDefaults()": {
      "Instructions": [
        {
          "Origin": "Locator Drive",
          "Translation": ""
        },
        {
          "Origin": "<right> Storage Heart to store location\n<right> Remote Storage Access to set it\nDoes not get destroyed upon use",
          "Translation": ""
        }
      ]
    },
    "System.Void MagicStorage.Items.PortableAccess::SetStaticDefaults()": {
      "Instructions": [
        {
          "Origin": "Portable Remote Storage Access",
          "Translation": ""
        },
        {
          "Origin": "<right> Storage Heart to store location\nCurrently not set to any location\nUse item to access your storage",
          "Translation": ""
        }
      ]
    },
    "System.Boolean MagicStorage.Items.PortableAccess::UseItem(Terraria.Player)": {
      "Instructions": [
        {
          "Origin": "Storage Heart is missing!",
          "Translation": ""
        },
        {
          "Origin": "Locator is not set to any Storage Heart",
          "Translation": ""
        }
      ]
    },
    "System.Void MagicStorage.Items.PortableAccess::ModifyTooltips(System.Collections.Generic.List`1<Terraria.ModLoader.TooltipLine>)": {
      "Instructions": [
        {
          "Origin": "Terraria",
          "Translation": ""
        },
        {
          "Origin": "Tooltip1",
          "Translation": ""
        },
        {
          "Origin": "Mods.MagicStorage.SetTo",
          "Translation": ""
        },
        {
          "Origin": "Tooltip2",
          "Translation": ""
        }
      ]
    },
    "System.Void MagicStorage.Items.PortableAccess::AddRecipes()": {
      "Instructions": [
        {
          "Origin": "MagicStorage:AnyDiamond",
          "Translation": ""
        }
      ]
    },
    "System.Void MagicStorage.Items.RadiantJewel::SetStaticDefaults()": {
      "Instructions": [
        {
          "Origin": "'Shines with a dazzling light'",
          "Translation": ""
        }
      ]
    },
    "System.Void MagicStorage.Items.RadiantJewelBag::OpenVanillaBag(System.String,Terraria.Player,System.Int32)": {
      "Instructions": [
        {
          "Origin": "bossBag",
          "Translation": ""
        }
      ]
    },
    "System.Void MagicStorage.Items.RemoteAccess::SetStaticDefaults()": {
      "Instructions": [
        {
          "Origin": "Remote Storage Access",
          "Translation": ""
        }
      ]
    },
    "System.Void MagicStorage.Items.RemoteAccess::AddRecipes()": {
      "Instructions": [
        {
          "Origin": "MagicStorage:AnyDiamond",
          "Translation": ""
        },
        {
          "Origin": "MagicStorage:AnyRuby",
          "Translation": ""
        }
      ]
    },
    "System.Void MagicStorage.Items.ShadowDiamond::SetStaticDefaults()": {
      "Instructions": [
        {
          "Origin": "Traces of light still linger inside",
          "Translation": ""
        }
      ]
    },
    "System.Void MagicStorage.Items.SnowBiomeEmulator::SetStaticDefaults()": {
      "Instructions": [
        {
          "Origin": "Broken Snowglobe",
          "Translation": ""
        },
        {
          "Origin": "Allows the Storage Crafting Interface to craft snow biome recipes",
          "Translation": ""
        }
      ]
    },
    "System.Void MagicStorage.Items.SnowBiomeEmulator::AddRecipes()": {
      "Instructions": [
        {
          "Origin": "MagicStorage:AnySnowBiomeBlock",
          "Translation": ""
        }
      ]
    },
    "System.Void MagicStorage.Items.StorageAccess::AddRecipes()": {
      "Instructions": [
        {
          "Origin": "MagicStorage:AnyDiamond",
          "Translation": ""
        },
        {
          "Origin": "MagicStorage:AnyTopaz",
          "Translation": ""
        }
      ]
    },
    "System.Void MagicStorage.Items.StorageDeactivator::SetStaticDefaults()": {
      "Instructions": [
        {
          "Origin": "Storage Unit Wand",
          "Translation": ""
        },
        {
          "Origin": "<right> Storage Unit to toggle between Active/Inactive",
          "Translation": ""
        }
      ]
    },
    "System.Boolean MagicStorage.Items.StorageDeactivator::UseItem(Terraria.Player)": {
      "Instructions": [
        {
          "Origin": "Activated",
          "Translation": ""
        },
        {
          "Origin": "Deactivated",
          "Translation": ""
        },
        {
          "Origin": "Storage Unit has been ",
          "Translation": ""
        }
      ]
    },
    "System.Void MagicStorage.Items.StorageHeart::AddRecipes()": {
      "Instructions": [
        {
          "Origin": "MagicStorage:AnyDiamond",
          "Translation": ""
        },
        {
          "Origin": "MagicStorage:AnyEmerald",
          "Translation": ""
        }
      ]
    },
    "System.Void MagicStorage.Items.StorageUnit::AddRecipes()": {
      "Instructions": [
        {
          "Origin": "MagicStorage:AnyChest",
          "Translation": ""
        }
      ]
    },
    "System.Void MagicStorage.Items.StorageUnitBlueChlorophyte::SetStaticDefaults()": {
      "Instructions": [
        {
          "Origin": "Blue Chlorophyte Storage Unit",
          "Translation": ""
        }
      ]
    },
    "System.Void MagicStorage.Items.StorageUnitCrimtane::SetStaticDefaults()": {
      "Instructions": [
        {
          "Origin": "Crimtane Storage Unit",
          "Translation": ""
        }
      ]
    },
    "System.Void MagicStorage.Items.StorageUnitDemonite::SetStaticDefaults()": {
      "Instructions": [
        {
          "Origin": "Demonite Storage Unit",
          "Translation": ""
        }
      ]
    },
    "System.Void MagicStorage.Items.StorageUnitHallowed::SetStaticDefaults()": {
      "Instructions": [
        {
          "Origin": "Hallowed Storage Unit",
          "Translation": ""
        }
      ]
    },
    "System.Void MagicStorage.Items.StorageUnitHellstone::SetStaticDefaults()": {
      "Instructions": [
        {
          "Origin": "Hellstone Storage Unit",
          "Translation": ""
        }
      ]
    },
    "System.Void MagicStorage.Items.StorageUnitLuminite::SetStaticDefaults()": {
      "Instructions": [
        {
          "Origin": "Luminite Storage Unit",
          "Translation": ""
        }
      ]
    },
    "System.Void MagicStorage.Items.StorageUnitTerra::SetStaticDefaults()": {
      "Instructions": [
        {
          "Origin": "Terra Storage Unit",
          "Translation": ""
        }
      ]
    },
    "System.Void MagicStorage.Items.StorageUnitTiny::SetStaticDefaults()": {
      "Instructions": [
        {
          "Origin": "Tiny Storage Unit",
          "Translation": ""
        }
      ]
    },
    "System.Void MagicStorage.Items.UpgradeBlueChlorophyte::SetStaticDefaults()": {
      "Instructions": [
        {
          "Origin": "Blue Chlorophyte Storage Upgrade",
          "Translation": ""
        },
        {
          "Origin": "Upgrades Storage Unit to 240 capacity\n<right> a Hallowed Storage Unit to use",
          "Translation": ""
        }
      ]
    },
    "System.Void MagicStorage.Items.UpgradeBlueChlorophyte::AddRecipes()": {
      "Instructions": [
        {
          "Origin": "MagicStorage:AnyEmerald",
          "Translation": ""
        }
      ]
    },
    "System.Void MagicStorage.Items.UpgradeCrimtane::SetStaticDefaults()": {
      "Instructions": [
        {
          "Origin": "Crimtane Storage Upgrade",
          "Translation": ""
        },
        {
          "Origin": "Upgrades Storage Unit to 80 capacity\n<right> a Storage Unit to use",
          "Translation": ""
        }
      ]
    },
    "System.Void MagicStorage.Items.UpgradeCrimtane::AddRecipes()": {
      "Instructions": [
        {
          "Origin": "MagicStorage:AnyAmethyst",
          "Translation": ""
        }
      ]
    },
    "System.Void MagicStorage.Items.UpgradeDemonite::SetStaticDefaults()": {
      "Instructions": [
        {
          "Origin": "Demonite Storage Upgrade",
          "Translation": ""
        },
        {
          "Origin": "Upgrades Storage Unit to 80 capacity\n<right> a Storage Unit to use",
          "Translation": ""
        }
      ]
    },
    "System.Void MagicStorage.Items.UpgradeDemonite::AddRecipes()": {
      "Instructions": [
        {
          "Origin": "MagicStorage:AnyAmethyst",
          "Translation": ""
        }
      ]
    },
    "System.Void MagicStorage.Items.UpgradeHallowed::SetStaticDefaults()": {
      "Instructions": [
        {
          "Origin": "Hallowed Storage Upgrade",
          "Translation": ""
        },
        {
          "Origin": "Upgrades Storage Unit to 160 capacity\n<right> a Hellstone Storage Unit to use",
          "Translation": ""
        }
      ]
    },
    "System.Void MagicStorage.Items.UpgradeHallowed::AddRecipes()": {
      "Instructions": [
        {
          "Origin": "MagicStorage:AnySapphire",
          "Translation": ""
        }
      ]
    },
    "System.Void MagicStorage.Items.UpgradeHellstone::SetStaticDefaults()": {
      "Instructions": [
        {
          "Origin": "Hellstone Storage Upgrade",
          "Translation": ""
        },
        {
          "Origin": "Upgrades Storage Unit to 120 capacity\n<right> a Demonite/Crimtane Storage Unit to use",
          "Translation": ""
        }
      ]
    },
    "System.Void MagicStorage.Items.UpgradeHellstone::AddRecipes()": {
      "Instructions": [
        {
          "Origin": "MagicStorage:AnyTopaz",
          "Translation": ""
        }
      ]
    },
    "System.Void MagicStorage.Items.UpgradeLuminite::SetStaticDefaults()": {
      "Instructions": [
        {
          "Origin": "Luminite Storage Upgrade",
          "Translation": ""
        },
        {
          "Origin": "Upgrades Storage Unit to 320 capacity\n<right> a Blue Chlorophyte Storage Unit to use",
          "Translation": ""
        }
      ]
    },
    "System.Void MagicStorage.Items.UpgradeLuminite::AddRecipes()": {
      "Instructions": [
        {
          "Origin": "MagicStorage:AnyRuby",
          "Translation": ""
        }
      ]
    },
    "System.Void MagicStorage.Items.UpgradeTerra::SetStaticDefaults()": {
      "Instructions": [
        {
          "Origin": "Terra Storage Upgrade",
          "Translation": ""
        },
        {
          "Origin": "Upgrades Storage Unit to 640 capacity\n<right> a Luminite Storage Unit to use",
          "Translation": ""
        }
      ]
    },
    "System.Void MagicStorage.Items.UpgradeTerra::AddRecipes()": {
      "Instructions": [
        {
          "Origin": "MagicStorage:AnyDiamond",
          "Translation": ""
        }
      ]
    },
    "System.Boolean MagicStorage.Components.StorageAccess::NewRightClick(System.Int32,System.Int32)": {
      "Instructions": [
        {
          "Origin": "This access is not connected to a Storage Heart!",
          "Translation": ""
        }
      ]
    },
    "System.Void MagicStorage.Components.StorageAccess::PostDraw(System.Int32,System.Int32,Microsoft.Xna.Framework.Graphics.SpriteBatch)": {
      "Instructions": [
        {
          "Origin": "Components/",
          "Translation": ""
        },
        {
          "Origin": "_Glow",
          "Translation": ""
        }
      ]
    },
    "System.String MagicStorage.Components.StorageComponent::get_HighlightTexture()": {
      "Instructions": [
        {
          "Origin": "_Highlight",
          "Translation": ""
        }
      ]
    },
    "System.Void MagicStorage.Components.StorageComponent::SetDefaults()": {
      "Instructions": [
        {
          "Origin": "Magic Storage",
          "Translation": ""
        }
      ]
    },
    "System.Void MagicStorage.Components.StorageConnector::SetDefaults()": {
      "Instructions": [
        {
          "Origin": "Magic Storage",
          "Translation": ""
        }
      ]
    },
    "System.Boolean MagicStorage.Components.StorageHeart::NewRightClick(System.Int32,System.Int32)": {
      "Instructions": [
        {
          "Origin": "Locator successfully set to: X=",
          "Translation": ""
        },
        {
          "Origin": ", Y=",
          "Translation": ""
        }
      ]
    },
    "System.Boolean MagicStorage.Components.StorageUnit::NewRightClick(System.Int32,System.Int32)": {
      "Instructions": [
        {
          "Origin": "Active",
          "Translation": ""
        },
        {
          "Origin": "Inactive",
          "Translation": ""
        },
        {
          "Origin": " / ",
          "Translation": ""
        },
        {
          "Origin": " Items",
          "Translation": ""
        },
        {
          "Origin": ", ",
          "Translation": ""
        }
      ]
    },
    "Terraria.ModLoader.IO.TagCompound MagicStorage.Components.TEAbstractStorageUnit::Save()": {
      "Instructions": [
        {
          "Origin": "Inactive",
          "Translation": ""
        },
        {
          "Origin": "X",
          "Translation": ""
        },
        {
          "Origin": "Y",
          "Translation": ""
        },
        {
          "Origin": "Center",
          "Translation": ""
        }
      ]
    },
    "System.Void MagicStorage.Components.TEAbstractStorageUnit::Load(Terraria.ModLoader.IO.TagCompound)": {
      "Instructions": [
        {
          "Origin": "Inactive",
          "Translation": ""
        },
        {
          "Origin": "Center",
          "Translation": ""
        },
        {
          "Origin": "X",
          "Translation": ""
        },
        {
          "Origin": "Y",
          "Translation": ""
        }
      ]
    },
    "Terraria.ModLoader.IO.TagCompound MagicStorage.Components.TECraftingAccess::Save()": {
      "Instructions": [
        {
          "Origin": "Stations",
          "Translation": ""
        }
      ]
    },
    "System.Void MagicStorage.Components.TECraftingAccess::Load(Terraria.ModLoader.IO.TagCompound)": {
      "Instructions": [
        {
          "Origin": "Stations",
          "Translation": ""
        }
      ]
    },
    "System.Boolean MagicStorage.Components.TERemoteAccess::TryLocate(Terraria.DataStructures.Point16,System.String&)": {
      "Instructions": [
        {
          "Origin": "This Access already has a locator, please mine then replace to reset it",
          "Translation": ""
        },
        {
          "Origin": "The locator has not been set to a destination",
          "Translation": ""
        },
        {
          "Origin": "Success!",
          "Translation": ""
        }
      ]
    },
    "Terraria.ModLoader.IO.TagCompound MagicStorage.Components.TERemoteAccess::Save()": {
      "Instructions": [
        {
          "Origin": "X",
          "Translation": ""
        },
        {
          "Origin": "Y",
          "Translation": ""
        },
        {
          "Origin": "Locator",
          "Translation": ""
        }
      ]
    },
    "System.Void MagicStorage.Components.TERemoteAccess::Load(Terraria.ModLoader.IO.TagCompound)": {
      "Instructions": [
        {
          "Origin": "Locator",
          "Translation": ""
        },
        {
          "Origin": "X",
          "Translation": ""
        },
        {
          "Origin": "Y",
          "Translation": ""
        }
      ]
    },
    "Terraria.ModLoader.IO.TagCompound MagicStorage.Components.TEStorageCenter::Save()": {
      "Instructions": [
        {
          "Origin": "X",
          "Translation": ""
        },
        {
          "Origin": "Y",
          "Translation": ""
        },
        {
          "Origin": "StorageUnits",
          "Translation": ""
        }
      ]
    },
    "System.Void MagicStorage.Components.TEStorageCenter::Load(Terraria.ModLoader.IO.TagCompound)": {
      "Instructions": [
        {
          "Origin": "StorageUnits",
          "Translation": ""
        },
        {
          "Origin": "X",
          "Translation": ""
        },
        {
          "Origin": "Y",
          "Translation": ""
        }
      ]
    },
    "Terraria.ModLoader.IO.TagCompound MagicStorage.Components.TEStorageHeart::Save()": {
      "Instructions": [
        {
          "Origin": "X",
          "Translation": ""
        },
        {
          "Origin": "Y",
          "Translation": ""
        },
        {
          "Origin": "RemoteAccesses",
          "Translation": ""
        }
      ]
    },
    "System.Void MagicStorage.Components.TEStorageHeart::Load(Terraria.ModLoader.IO.TagCompound)": {
      "Instructions": [
        {
          "Origin": "RemoteAccesses",
          "Translation": ""
        },
        {
          "Origin": "X",
          "Translation": ""
        },
        {
          "Origin": "Y",
          "Translation": ""
        }
      ]
    },
    "Terraria.ModLoader.IO.TagCompound MagicStorage.Components.TEStoragePoint::Save()": {
      "Instructions": [
        {
          "Origin": "X",
          "Translation": ""
        },
        {
          "Origin": "Y",
          "Translation": ""
        },
        {
          "Origin": "Center",
          "Translation": ""
        }
      ]
    },
    "System.Void MagicStorage.Components.TEStoragePoint::Load(Terraria.ModLoader.IO.TagCompound)": {
      "Instructions": [
        {
          "Origin": "Center",
          "Translation": ""
        },
        {
          "Origin": "X",
          "Translation": ""
        },
        {
          "Origin": "Y",
          "Translation": ""
        }
      ]
    },
    "Terraria.ModLoader.IO.TagCompound MagicStorage.Components.TEStorageUnit::Save()": {
      "Instructions": [
        {
          "Origin": "Items",
          "Translation": ""
        }
      ]
    },
    "System.Void MagicStorage.Components.TEStorageUnit::Load(Terraria.ModLoader.IO.TagCompound)": {
      "Instructions": [
        {
          "Origin": "Items",
          "Translation": ""
        }
      ]
    }
  }
}