{
  "LdstrEntries": {
    "System.Void VeinMiner.BitArray2D::.ctor(System.Int32,System.Int32)": {
      "Instructions": [
        {
          "Origin": "cols",
          "Translation": ""
        },
        {
          "Origin": "rows",
          "Translation": ""
        }
      ]
    },
    "System.Void VeinMiner.BitArray2D::Set(System.Int32,System.Int32,System.Boolean)": {
      "Instructions": [
        {
          "Origin": "col",
          "Translation": ""
        },
        {
          "Origin": "row",
          "Translation": ""
        }
      ]
    },
    "System.Boolean VeinMiner.BitArray2D::Get(System.Int32,System.Int32)": {
      "Instructions": [
        {
          "Origin": "col",
          "Translation": ""
        },
        {
          "Origin": "row",
          "Translation": ""
        }
      ]
    },
    "System.Byte[] VeinMiner.BitArray2D::BitArrayToBytes(System.Collections.BitArray)": {
      "Instructions": [
        {
          "Origin": "must have at least length 1",
          "Translation": ""
        },
        {
          "Origin": "bitarray",
          "Translation": ""
        }
      ]
    },
    "System.Void VeinMiner.Config::Load()": {
      "Instructions": [
        {
          "Origin": "Failed to read VeinMiner's config file! Recreating config...",
          "Translation": ""
        }
      ]
    },
    "System.Boolean VeinMiner.Config::ReadConfig()": {
      "Instructions": [
        {
          "Origin": "OreTypes",
          "Translation": ""
        },
        {
          "Origin": "ModOreNames",
          "Translation": ""
        },
        {
          "Origin": "OresOnly",
          "Translation": ""
        },
        {
          "Origin": "MaxAmountOfBlocks",
          "Translation": ""
        },
        {
          "Origin": "DelayBetweenMiningBlocks",
          "Translation": ""
        },
        {
          "Origin": "InvertVeinmineHotkey",
          "Translation": ""
        },
        {
          "Origin": "ToggleVeinmineHotkey",
          "Translation": ""
        },
        {
          "Origin": "PerformDistanceCheck",
          "Translation": ""
        },
        {
          "Origin": "ModifyingWhitelistOnMultiplayer",
          "Translation": ""
        }
      ]
    },
    "System.Void VeinMiner.Config::CreateConfig()": {
      "Instructions": [
        {
          "Origin": "Tried saving the VeinMiner config when saving it was blocked. Should not have happened.",
          "Translation": ""
        },
        {
          "Origin": "OreTypes",
          "Translation": ""
        },
        {
          "Origin": "ModOreNames",
          "Translation": ""
        },
        {
          "Origin": "OresOnly",
          "Translation": ""
        },
        {
          "Origin": "MaxAmountOfBlocks",
          "Translation": ""
        },
        {
          "Origin": "DelayBetweenMiningBlocks",
          "Translation": ""
        },
        {
          "Origin": "InvertVeinmineHotkey",
          "Translation": ""
        },
        {
          "Origin": "ToggleVeinmineHotkey",
          "Translation": ""
        },
        {
          "Origin": "PerformDistanceCheck",
          "Translation": ""
        },
        {
          "Origin": "ModifyingWhitelistOnMultiplayer",
          "Translation": ""
        }
      ]
    },
    "System.Void VeinMiner.Config::.cctor()": {
      "Instructions": [
        {
          "Origin": "Mod Configs",
          "Translation": ""
        },
        {
          "Origin": "VeinMiner.json",
          "Translation": ""
        },
        {
          "Origin": "VeinMinerDownloadedOreList",
          "Translation": ""
        }
      ]
    },
    "System.Void VeinMiner.ModOres::DownloadOreList()": {
      "Instructions": [
        {
          "Origin": "VeinMiner: Couldn't save the downloaded online ore list to a file.",
          "Translation": ""
        },
        {
          "Origin": "VeinMiner: Couldn't access online ore list, reading from file.",
          "Translation": ""
        },
        {
          "Origin": "VeinMiner: Couldn't access saved ore list file, using a backup list embedded into the mod.",
          "Translation": ""
        },
        {
          "Origin": ";",
          "Translation": ""
        }
      ]
    },
    "System.Void VeinMiner.ModOres::.cctor()": {
      "Instructions": [
        {
          "Origin": "http://textuploader.com/dhrr7/raw",
          "Translation": ""
        },
        {
          "Origin": "ThoriumMod,SmoothCoal,ThoriumOre,LifeQuartz,MagmaOre,Aquaite,LodeStone,ValadiumChunk,IllumiteChunk,SynthGold,SynthPlatinum,Opal,PearlStone\r\nSpiritMod,FloranOreTile,MarbleOre,GraniteOre,CryoliteOreTile,SpiritOreTile,ThermiteOre\r\nCalamityMod,AerialiteOre,CryonicOre,PerennialOre,CharredOre,AstralOre,ChaoticOre,UelibloomOre,AuricOre\r\nTremor,IceOre,AngeliteOreTile,ArgiteOre,CollapsiumOreTile,CometiteOreTile,FrostoneOreTile,HardCometiteOreTile,NightmareOreTile\r\nCheezeMod,StarlightOre\r\nAntiaris,EnchantedStone\r\nSacredTools,LapisOre,OblivionOreBlock,Flarium\r\nBluemagic,PuriumOre\r\nCrystiliumMod,RadiantOre\r\nAAMod,RadiumOre,DaybreakIncineriteOre,EventideAbyssiumOre,HallowedOre,TechneciumOre,YtriumOre,DynaskullOre,IncineriteOre\r\nUniverseOfSwordsMod,DamascusOreTile",
          "Translation": ""
        }
      ]
    },
    "System.Void VeinMiner.VeinMiner::MinedTile(Microsoft.Xna.Framework.Point,System.UInt16)": {
      "Instructions": [
        {
          "Origin": "Ore",
          "Translation": ""
        },
        {
          "Origin": "OreTile",
          "Translation": ""
        },
        {
          "Origin": "Gem",
          "Translation": ""
        },
        {
          "Origin": "Chunk",
          "Translation": ""
        },
        {
          "Origin": "VeinMiner threw an exception ",
          "Translation": ""
        },
        {
          "Origin": " while checking the whitelists, check the logs for more information.",
          "Translation": ""
        },
        {
          "Origin": " while checking the whitelists: ",
          "Translation": ""
        },
        {
          "Origin": " while creating a new Veinmine task, check the logs for more information.",
          "Translation": ""
        },
        {
          "Origin": " while creating a new Veinmine task: ",
          "Translation": ""
        }
      ]
    },
    "System.Void VeinMiner.VeinMiner::HandlePacket(System.IO.BinaryReader,System.Int32)": {
      "Instructions": [
        {
          "Origin": "Player ",
          "Translation": ""
        },
        {
          "Origin": " added a vanilla tile with id ",
          "Translation": ""
        },
        {
          "Origin": " to the ore whitelist.",
          "Translation": ""
        },
        {
          "Origin": " tried adding a vanilla tile with id ",
          "Translation": ""
        },
        {
          "Origin": " to the ore whitelist, but it's already in there.",
          "Translation": ""
        },
        {
          "Origin": " removed a vanilla tile with id ",
          "Translation": ""
        },
        {
          "Origin": " from the ore whitelist.",
          "Translation": ""
        },
        {
          "Origin": " tried removing a vanilla tile with id ",
          "Translation": ""
        },
        {
          "Origin": " from the ore whitelist, but it wasn't there to begin with.",
          "Translation": ""
        },
        {
          "Origin": " added a modded tile with local name ",
          "Translation": ""
        },
        {
          "Origin": " tried adding a modded tile with local name ",
          "Translation": ""
        },
        {
          "Origin": " removed a modded tile with local name ",
          "Translation": ""
        },
        {
          "Origin": " tried removing a modded tile with local name ",
          "Translation": ""
        },
        {
          "Origin": " from the ore whitelist, but it wasn't there to begin with..",
          "Translation": ""
        }
      ]
    },
    "System.Void VeinMiner.VeinMiner::HotKeyPressed(System.String)": {
      "Instructions": [
        {
          "Origin": "Veinmine",
          "Translation": ""
        },
        {
          "Origin": "VeinMiner activated!",
          "Translation": ""
        },
        {
          "Origin": "VeinMiner deactivated!",
          "Translation": ""
        },
        {
          "Origin": "Add tile to whitelist",
          "Translation": ""
        },
        {
          "Origin": "Remove tile from whitelist",
          "Translation": ""
        },
        {
          "Origin": "Added vanilla tile with id ",
          "Translation": ""
        },
        {
          "Origin": " to the vanilla ore whitelist.",
          "Translation": ""
        },
        {
          "Origin": "Removed vanilla tile with id ",
          "Translation": ""
        },
        {
          "Origin": "Added modded tile with local name ",
          "Translation": ""
        },
        {
          "Origin": " (",
          "Translation": ""
        },
        {
          "Origin": ") to the modded ore whitelist.",
          "Translation": ""
        },
        {
          "Origin": "Removed modded tile with local name ",
          "Translation": ""
        },
        {
          "Origin": ") from the modded ore whitelist.",
          "Translation": ""
        }
      ]
    },
    "System.Void VeinMiner.VeinMiner::Load()": {
      "Instructions": [
        {
          "Origin": "Veinmine",
          "Translation": ""
        },
        {
          "Origin": "OemTilde",
          "Translation": ""
        },
        {
          "Origin": "Add tile to whitelist",
          "Translation": ""
        },
        {
          "Origin": "Insert",
          "Translation": ""
        },
        {
          "Origin": "Remove tile from whitelist",
          "Translation": ""
        },
        {
          "Origin": "Delete",
          "Translation": ""
        }
      ]
    },
    "System.String VeinMiner.VeinMiner::get_GithubUserName()": {
      "Instructions": [
        {
          "Origin": "NanobotZ",
          "Translation": ""
        }
      ]
    },
    "System.String VeinMiner.VeinMiner::get_GithubProjectName()": {
      "Instructions": [
        {
          "Origin": "tml_VeinMiner_mod",
          "Translation": ""
        }
      ]
    },
    "System.Void VeinMiner.VeinMinerTile::KillTile(System.Int32,System.Int32,System.Int32,System.Boolean&,System.Boolean&,System.Boolean&)": {
      "Instructions": [
        {
          "Origin": "KillTile have tried to kill a tile outside of possible area. Please report that to the author of VeinMiner.",
          "Translation": ""
        }
      ]
    },
    "System.Void VeinMiner.VeinMinerWorld::PreUpdate()": {
      "Instructions": [
        {
          "Origin": "VeinMiner threw an exception ",
          "Translation": ""
        },
        {
          "Origin": " while updating the veinmining task, check the logs for more information.",
          "Translation": ""
        },
        {
          "Origin": " while updating the veinmining task: ",
          "Translation": ""
        }
      ]
    }
  }
}